NLab,Year,Densidad,Sexo,Edad,EdadClase,CondicionCorporal,ELISAInfluenza,ELISAPRRS,ELISAADV,ELISAPPV,ELISAPCV,ELISAPCV2,PCRMycoPul,PCRHaemoPul,PCRAPPPul,PCRPCVPul,Metastronguilus_Clas,Metastrongilus,Lesion_Pulm,Tipo,Duracion,Score,NL_TRQ,NIntersticial,Bronconeumonia,Pleuritis,Peribronquitis,Bronquitis,HiperNT2,Enfisema,Necrosis,Score_Micro,Tej_Conjuntivo,Granulomas,Granuloma_Pul,Tipo_Granuloma,Granuloma_NL,TB_Generalizada,TB
2293,2011-2012,13.0,Hembra,2.5,Adult,-8.350189841,,,,,,,Negativo,Negativo,Negativo,Positivo,Negativo,0.0,Si,Lob,Cronica,4.0,1.0,0.0,0.0,0.0,5.0,0.0,0.0,0.0,0.0,,0.0,0.0,No,,No,,Negativo
1807,2011-2012,,Hembra,2.0,Adult,9.256708837,Negativo,Negativo,Positivo,Positivo,Negativo,Negativo,Negativo,Negativo,Negativo,Negativo,Negativo,0.0,No,,,,1.0,4.0,0.0,0.0,1.0,2.0,0.0,3.0,0.0,7.0,0.0,1.0,Si,1,Si,Generalizada,Positivo
1740,2011-2012,32.0,Macho,1.5,NonAdult,9.649810159,Negativo,Negativo,Negativo,Positivo,Negativo,Negativo,Negativo,Negativo,Negativo,Negativo,Negativo,0.0,No,,,,0.0,0.0,0.0,1.0,0.0,0.0,0.0,1.0,0.0,1.0,0.0,0.0,No,,No,,Negativo
1757,2011-2012,32.0,Hembra,4.0,Adult,,Positivo,Negativo,Positivo,Positivo,Negativo,Negativo,Negativo,Negativo,Negativo,Negativo,Negativo,0.0,Si,Lob,Subaguda,8.0,1.0,0.0,0.0,0.0,0.0,0.0,0.0,0.0,0.0,0.0,0.0,0.0,No,,No,,Negativo
1760,2011-2012,23.0,Hembra,4.0,Adult,-24.0260753,Negativo,Negativo,Positivo,Positivo,Negativo,Negativo,,,,,Negativo,0.0,No,,,,0.0,0.0,0.0,0.0,0.0,0.0,0.0,0.0,0.0,0.0,0.0,0.0,No,,No,,Negativo
2311,2011-2012,26.0,Macho,5.0,Adult,0.418766106,Negativo,Negativo,Positivo,Positivo,Negativo,Negativo,Negativo,Negativo,Negativo,Negativo,Negativo,0.0,No,,,,0.0,0.0,0.0,0.0,1.0,0.0,0.0,0.0,0.0,,0.0,0.0,No,,No,,Negativo
2363,2011-2012,23.0,Hembra,4.0,Adult,16.86360752,Positivo,Negativo,Positivo,Positivo,Negativo,Negativo,Negativo,Negativo,Negativo,Negativo,Negativo,0.0,No,,,,0.0,0.0,0.0,0.0,1.0,1.0,0.0,1.0,0.0,2.0,0.0,0.0,No,,No,,Negativo
2365,2011-2012,23.0,Hembra,1.9,NonAdult,32.53949298,Negativo,Negativo,Negativo,Positivo,Negativo,Negativo,Negativo,Negativo,Negativo,Negativo,Negativo,0.0,No,,,,1.0,0.0,3.0,0.0,6.0,3.0,0.0,0.0,0.0,12.0,3.0,0.0,No,,No,,Negativo
2356,2011-2012,17.0,Hembra,3.5,Adult,6.060158176,Positivo,Negativo,Positivo,Positivo,Negativo,Negativo,Positivo,Negativo,Negativo,Negativo,Negativo,0.0,No,,,,0.0,0.0,0.0,0.0,1.0,0.0,0.0,1.0,0.0,,0.0,0.0,No,,Si,Positivo,Positivo
1776,2011-2012,24.0,Macho,,,-2.246709665,Negativo,Negativo,Positivo,Negativo,InfReciente,Positivo,Negativo,Negativo,Negativo,Negativo,Negativo,0.0,Si,NoLob,Cronica,2.0,2.0,4.0,4.0,4.0,6.0,3.0,0.0,0.0,3.0,24.0,0.0,6.0,Si,1_4,Si,Generalizada,Positivo
1797,2011-2012,8.0,Hembra,3.0,Adult,-11.97433522,Positivo,Negativo,Positivo,Positivo,InfReciente,Positivo,Positivo,Negativo,Negativo,Negativo,Negativo,0.0,No,,,,1.0,1.0,3.0,0.0,5.0,2.0,0.0,0.0,3.0,14.0,0.0,3.0,Si,4,Si,Generalizada,Positivo
1768,2011-2012,24.0,Hembra,2.0,Adult,10.4360128,Negativo,Negativo,Positivo,Negativo,Positivo,Positivo,Negativo,Negativo,Negativo,Negativo,Negativo,0.0,No,,,,0.0,0.0,0.0,0.0,0.0,0.0,0.0,0.0,0.0,0.0,0.0,0.0,No,,No,,Negativo
1769,2011-2012,24.0,Hembra,1.5,NonAdult,7.204968749,Negativo,Negativo,Negativo,Negativo,Positivo,Positivo,Positivo,Negativo,Negativo,Negativo,Negativo,0.0,No,,,,1.0,1.0,0.0,2.0,4.0,5.0,0.0,1.0,0.0,12.0,0.0,0.0,No,,,,
1770,2011-2012,24.0,Hembra,,,3.2912022289999996,Negativo,Negativo,Negativo,Positivo,Positivo,Positivo,,,,,Negativo,0.0,No,,,,1.0,3.0,0.0,2.0,4.0,3.0,0.0,1.0,0.0,12.0,0.0,0.0,No,,No,,Negativo
1773,2011-2012,24.0,Hembra,2.0,Adult,13.23946214,Negativo,Negativo,Positivo,Negativo,Positivo,Positivo,,,,,Negativo,0.0,No,,,,0.0,,,,,,,,,,,,,,No,,Negativo
1780,2011-2012,24.0,Macho,,,,Negativo,Negativo,Positivo,Positivo,Positivo,Positivo,Negativo,Negativo,Negativo,Negativo,Negativo,0.0,Si,NoLob,Cronica,28.0,2.0,0.0,0.0,2.0,4.0,0.0,0.0,1.0,0.0,6.0,0.0,0.0,No,,,,
1785,2011-2012,,Hembra,3.0,Adult,14.06015818,Negativo,Negativo,Positivo,Positivo,Positivo,Positivo,Positivo,Negativo,Negativo,Negativo,Negativo,0.0,No,,,,1.0,4.0,0.0,4.0,0.0,0.0,0.0,0.0,0.0,8.0,0.0,0.0,No,,,,
2289,2011-2012,13.0,Hembra,5.0,Adult,1.649810159,Positivo,Negativo,Positivo,Positivo,Positivo,Positivo,Negativo,Negativo,Negativo,Negativo,Negativo,0.0,No,,,,1.0,1.0,0.0,0.0,1.0,0.0,0.0,0.0,0.0,,0.0,0.0,No,,No,,Negativo
2290,2011-2012,13.0,Hembra,5.0,Adult,5.632563462999999,Negativo,Negativo,Positivo,Positivo,Positivo,Positivo,Positivo,Negativo,Negativo,Negativo,Negativo,0.0,No,,,,0.0,1.0,0.0,0.0,0.0,0.0,0.0,0.0,0.0,,0.0,0.0,No,,No,,Negativo
2305,2011-2012,25.5,Macho,5.0,Adult,10.04291148,Positivo,Negativo,Positivo,Positivo,Positivo,Positivo,Negativo,Negativo,Negativo,Negativo,Negativo,0.0,Si,Lob,Subaguda,1.0,,0.0,0.0,0.0,3.0,0.0,0.0,0.0,0.0,,0.0,0.0,No,,No,,Negativo
2371,2011-2012,23.0,Hembra,4.0,Adult,18.84636082,Negativo,Negativo,Positivo,Positivo,Positivo,Positivo,Negativo,Negativo,Negativo,Negativo,Negativo,0.0,No,,,,0.0,,,,,,,,,,,,,,,,
1798,2011-2012,8.0,Hembra,1.8,NonAdult,-11.97433522,Negativo,Negativo,Positivo,Positivo,Positivo,Positivo,Positivo,Negativo,Negativo,Positivo,Negativo,0.0,No,,,,1.0,2.0,0.0,0.0,0.0,0.0,0.0,0.0,0.0,2.0,0.0,0.0,No,,Si,Positivo,Positivo
1799,2011-2012,8.0,Macho,4.0,Adult,,Negativo,Negativo,Positivo,Positivo,Positivo,Positivo,Positivo,Negativo,Negativo,Negativo,Negativo,0.0,No,,,,1.0,0.0,0.0,2.0,4.0,4.0,0.0,0.0,0.0,10.0,0.0,0.0,No,,Si,Positivo,Positivo
2283,2011-2012,13.0,Hembra,2.5,Adult,-3.95708852,Negativo,Negativo,Positivo,Positivo,Positivo,Positivo,Positivo,Negativo,Negativo,Negativo,Negativo,0.0,No,,,,1.0,0.0,0.0,0.0,0.0,0.0,0.0,0.0,0.0,,0.0,0.0,No,,Si,Positivo,Positivo
2325,2011-2012,25.0,Hembra,0.9,NonAdult,0.522246282,Positivo,Negativo,Positivo,Positivo,Positivo,Positivo,Negativo,Negativo,Negativo,Positivo,Negativo,0.0,Si,Lob,Aguda,8.0,1.0,0.0,0.0,0.0,4.0,0.0,0.0,0.0,0.0,,0.0,0.0,No,,Si,Positivo,Positivo
2330,2011-2012,25.0,Hembra,2.0,Adult,12.84636082,Positivo,Negativo,Positivo,Positivo,Positivo,Positivo,Negativo,Negativo,Negativo,Positivo,Negativo,0.0,Si,Lob,Subaguda,3.0,2.0,0.0,0.0,0.0,4.0,1.0,0.0,1.0,0.0,,1.0,0.0,No,,Si,Positivo,Positivo
2336,2011-2012,25.0,Hembra,1.4,NonAdult,-7.101899092000001,Negativo,Negativo,Negativo,Positivo,Positivo,Positivo,Positivo,Negativo,Negativo,Positivo,Negativo,0.0,Si,Lob,Subaguda,12.0,2.0,1.0,0.0,1.0,6.0,2.0,0.0,1.0,0.0,,0.0,0.0,No,,Si,Positivo,Positivo
1772,2011-2012,24.0,Macho,1.5,NonAdult,3.684303551,Negativo,Negativo,Positivo,Negativo,Negativo,Negativo,Positivo,Negativo,Negativo,Negativo,Positivo,1.0,No,,,,2.0,4.0,0.0,4.0,5.0,0.0,0.0,1.0,0.0,13.0,0.0,0.0,No,,Si,Positivo,Positivo
2387,2011-2012,6.5,Macho,1.0,NonAdult,-14.70879777,Negativo,Negativo,Positivo,Positivo,Positivo,Positivo,Negativo,Negativo,Negativo,Negativo,Positivo,1.0,No,,,,0.0,1.0,0.0,0.0,2.0,2.0,0.0,0.0,0.0,,0.0,3.0,Si,2,Si,Generalizada,Positivo
1775,2011-2012,24.0,Macho,1.5,NonAdult,0.060158175999999994,Negativo,Negativo,Positivo,Negativo,Positivo,Positivo,Positivo,Negativo,Negativo,Negativo,Positivo,1.0,No,,,,0.0,0.0,0.0,0.0,3.0,0.0,0.0,0.0,0.0,3.0,0.0,1.0,Si,1,No,,Negativo
1793,2011-2012,,Hembra,,,4.206755093,Positivo,Positivo,Positivo,Positivo,Positivo,Positivo,Negativo,Negativo,Negativo,Negativo,Positivo,1.0,,,,,,,,,,,,,,,,,,,,,
2306,2011-2012,25.5,Macho,6.0,Adult,1.222215445,Positivo,Negativo,Positivo,Positivo,Positivo,Positivo,Positivo,Negativo,Negativo,Positivo,Positivo,1.0,No,,,,0.0,0.0,0.0,0.0,0.0,0.0,0.0,0.0,0.0,,0.0,0.0,No,,No,,Negativo
2309,2011-2012,25.5,Macho,5.0,Adult,11.23946214,Negativo,Negativo,Positivo,Positivo,Positivo,Positivo,Positivo,Negativo,Negativo,Positivo,Positivo,1.0,No,,,,0.0,0.0,0.0,0.0,3.0,0.0,0.0,1.0,0.0,,0.0,0.0,No,,No,,Negativo
2316,2011-2012,25.0,Macho,0.7,NonAdult,18.18088505,Negativo,Negativo,Positivo,Negativo,Positivo,Positivo,Positivo,Negativo,Negativo,Negativo,Positivo,1.0,No,,,,2.0,3.0,0.0,0.0,4.0,3.0,0.0,0.0,0.0,,0.0,0.0,No,,No,,Negativo
2385,2011-2012,6.5,Hembra,1.0,NonAdult,-0.708797771,Negativo,Negativo,Negativo,Positivo,Positivo,Positivo,Positivo,Negativo,Negativo,Positivo,Positivo,1.0,,,,,,,,,,,,,,,,,,,,,
1808,2011-2012,,Hembra,2.5,Adult,-2.7432911630000003,,,,,,,Negativo,Negativo,Negativo,Negativo,Positivo,2.0,No,,,,1.0,2.0,0.0,4.0,3.0,0.0,0.0,0.0,0.0,9.0,0.0,0.0,No,,Si,Positivo,Positivo
2351,2011-2012,17.0,Hembra,3.0,Adult,-1.732881471,Positivo,Negativo,Negativo,Positivo,Negativo,Negativo,Positivo,Negativo,Negativo,Negativo,Positivo,2.0,SI,Lob,Cronica,5.0,2.0,0.0,4.0,0.0,0.0,1.0,0.0,1.0,0.0,,0.0,0.0,No,,No,,Negativo
2331,2011-2012,25.0,Hembra,2.0,Adult,13.23946214,Positivo,Negativo,Positivo,Positivo,Positivo,Positivo,Positivo,Negativo,Negativo,Positivo,Positivo,2.0,Si,Nolob,Subaguda,16.0,2.0,0.0,0.0,0.0,6.0,4.0,0.0,2.0,0.0,,0.0,5.0,Si,1_4,Si,Generalizada,Positivo
1755,2011-2012,32.0,Hembra,3.0,Adult,8.077404872,Positivo,Negativo,Positivo,Positivo,Positivo,Positivo,Negativo,Negativo,Negativo,Negativo,Positivo,2.0,Si,NoLob,Subaguda,28.0,0.0,3.0,0.0,2.0,1.0,0.0,0.0,1.0,0.0,6.0,0.0,0.0,No,,Si,Positivo,Positivo
1748,2011-2012,32.0,Hembra,2.5,Adult,1.667056855,,,,,,,,,,,Positivo,3.0,,,,,,,,,,,,,,,,,,,,,
2276,2011-2012,13.0,Hembra,2.5,Adult,-27.52949381,Positivo,Negativo,Positivo,Positivo,Negativo,Negativo,Negativo,Negativo,Negativo,Negativo,Positivo,3.0,No,,,,0.0,0.0,0.0,0.0,0.0,0.0,0.0,0.0,0.0,,0.0,0.0,No,,No,,Negativo
2310,2011-2012,26.0,Macho,4.0,Adult,6.025664784,Negativo,Negativo,Positivo,Positivo,Positivo,Positivo,Negativo,Negativo,Negativo,Negativo,Positivo,3.0,No,,,,0.0,1.0,0.0,0.0,2.0,3.0,0.0,0.0,0.0,,0.0,0.0,No,,No,,Negativo
1774,2011-2012,24.0,Hembra,3.0,Adult,35.58082337,Negativo,Negativo,Positivo,Positivo,Positivo,Positivo,Positivo,Negativo,Negativo,Negativo,Positivo,3.0,No,,,,0.0,0.0,0.0,0.0,0.0,0.0,0.0,0.0,0.0,0.0,0.0,0.0,No,,Si,Positivo,Positivo
1765,2011-2012,23.0,Macho,1.5,NonAdult,-3.1536391810000004,Positivo,Negativo,Negativo,Positivo,Negativo,Negativo,Negativo,Negativo,Negativo,Negativo,Positivo,4.0,Si,NoLob,Subaguda,1.0,1.0,0.0,0.0,0.0,4.0,3.0,0.0,3.0,0.0,7.0,0.0,0.0,No,,No,,Negativo
2366,2011-2012,23.0,Hembra,1.7,NonAdult,19.68430355,Negativo,Negativo,Positivo,Positivo,Negativo,Negativo,Negativo,Negativo,Negativo,Negativo,Positivo,4.0,No,,,,1.0,0.0,1.0,0.0,2.0,2.0,0.0,0.0,0.0,5.0,3.0,0.0,No,,No,,Negativo
2308,2011-2012,25.5,Macho,3.0,Adult,2.453259498,Negativo,Negativo,Positivo,Negativo,Positivo,Positivo,Negativo,Negativo,Negativo,Negativo,Positivo,4.0,Si,NoLob,Subaguda,12.0,1.0,2.0,0.0,3.0,3.0,0.0,0.0,0.0,1.0,,0.0,3.0,Si,3,Si,Generalizada,Positivo
2312,2011-2012,26.0,Macho,2.0,Adult,-15.92259513,Negativo,Negativo,Positivo,Positivo,Negativo,Negativo,Negativo,Negativo,Negativo,Negativo,Positivo,5.0,No,,,,0.0,,,,,,,,,,,,,,,,
2354,2011-2012,17.0,Macho,0.35,NonAdult,-14.5708242,Positivo,Negativo,Negativo,Negativo,Negativo,Negativo,Positivo,Negativo,Negativo,Negativo,Positivo,5.0,Si,Lob,Subaguda,4.0,2.0,,,,,,,,,,,,,,No,,Negativo
1762,2011-2012,23.0,Hembra,3.0,Adult,-4.384683234,Negativo,Negativo,Positivo,Positivo,Positivo,Positivo,,,,,Positivo,5.0,Si,Lob,Aguda,2.0,0.0,0.0,0.0,2.0,0.0,0.0,0.0,0.0,0.0,2.0,0.0,0.0,No,,No,,Negativo
1764,2011-2012,23.0,Macho,4.0,Adult,-35.18813257,Positivo,Negativo,Positivo,Positivo,Positivo,Positivo,Negativo,Negativo,Negativo,Negativo,Positivo,5.0,Si,NoLob,Subaguda,12.0,0.0,0.0,0.0,0.0,4.0,0.0,0.0,0.0,0.0,4.0,0.0,0.0,No,,No,,Negativo
1804,2011-2012,,Macho,1.5,NonAdult,0.40151941,Negativo,Negativo,Negativo,Negativo,Negativo,Negativo,Positivo,Negativo,Negativo,Negativo,Positivo,6.0,No,,,,1.0,0.0,0.0,0.0,3.0,0.0,0.0,0.0,0.0,3.0,0.0,0.0,No,,Si,Positivo,Positivo
2297,2011-2012,13.0,Hembra,1.7,NonAdult,-5.5294938060000005,Negativo,Negativo,Positivo,Positivo,Positivo,Positivo,Positivo,Negativo,Negativo,Positivo,Positivo,6.0,No,,,,0.0,3.0,0.0,0.0,3.0,0.0,0.0,0.0,0.0,,0.0,3.0,Si,2,No,Generalizada,Positivo
2403,2011-2012,23.0,Macho,1.9,NonAdult,-19.20537927,,,,,,,Positivo,Negativo,Negativo,Negativo,Positivo,7.0,No,,,,0.0,,,,,,,,,,,,,,,,
1778,2011-2012,24.0,Macho,,,,Negativo,Negativo,Positivo,Positivo,Positivo,Positivo,Negativo,Negativo,Negativo,Negativo,Positivo,7.0,Si,NoLob,Subaguda,16.0,2.0,4.0,3.0,1.0,6.0,0.0,0.0,1.0,3.0,17.0,0.0,6.0,Si,1_4,,Generalizada,Positivo
2278,2011-2012,13.0,Hembra,4.0,Adult,-5.170885877,Positivo,Negativo,Positivo,Positivo,Positivo,Positivo,Negativo,Negativo,Negativo,Negativo,Positivo,7.0,No,,,,0.0,0.0,0.0,0.0,2.0,0.0,0.0,0.0,0.0,,0.0,0.0,No,,No,,Negativo
2274,2011-2012,13.0,Hembra,2.0,Adult,-8.315696448999999,Negativo,Negativo,Positivo,Positivo,Positivo,Positivo,Negativo,Negativo,Negativo,Negativo,Positivo,8.0,No,,,,0.0,0.0,0.0,0.0,4.0,4.0,0.0,1.0,0.0,,0.0,0.0,No,,,,
2398,2011-2012,23.0,Hembra,4.0,Adult,3.418766106,Negativo,Negativo,Positivo,Positivo,Negativo,Negativo,Negativo,Negativo,Negativo,Negativo,Positivo,9.0,No,,,,0.0,5.0,0.0,0.0,2.0,0.0,0.0,1.0,0.0,,0.0,0.0,No,,No,,Negativo
1759,2011-2012,32.0,Macho,3.0,Adult,,Negativo,Negativo,Negativo,Positivo,Negativo,Negativo,Negativo,Negativo,Negativo,Negativo,Positivo,10.0,Si(Quisteh),NoLob,Subaguda,28.0,0.0,0.0,0.0,1.0,1.0,0.0,0.0,0.0,0.0,2.0,0.0,0.0,No,,,,
2285,2011-2012,13.0,Hembra,3.0,Adult,5.632563462999999,,,,,,,Negativo,Negativo,Negativo,Negativo,Positivo,15.0,No,,,,0.0,0.0,0.0,0.0,0.0,0.0,0.0,0.0,0.0,,0.0,0.0,No,,No,,
1758,2011-2012,32.0,Hembra,3.0,Adult,,Positivo,Negativo,Positivo,Positivo,Negativo,Negativo,Negativo,Negativo,Negativo,Negativo,Positivo,15.0,Si,Lob,Subaguda,10.0,1.0,0.0,2.0,2.0,2.0,0.0,0.0,0.0,0.0,6.0,0.0,0.0,No,,No,,Negativo
2384,2011-2012,6.5,Macho,1.0,NonAdult,-3.905348432,Positivo,Positivo,Positivo,Positivo,Negativo,Negativo,Positivo,Negativo,Negativo,Negativo,Positivo,15.0,Si,Lob,Subaguda,6.0,2.0,,,,,,,,,,,,,,,,
1779,2011-2012,24.0,Macho,3.0,Adult,,Negativo,Negativo,Positivo,Positivo,Positivo,Positivo,Negativo,Negativo,Negativo,Negativo,Positivo,15.0,Si,NoLob,Cronica,28.0,2.0,5.0,0.0,3.0,2.0,0.0,0.0,0.0,5.0,15.0,0.0,5.0,Si,4,Si,Generalizada,Positivo
1746,2011-2012,32.0,Hembra,2.5,Adult,-3.922595128,Negativo,Negativo,Positivo,Positivo,Positivo,Positivo,Negativo,Negativo,Negativo,Negativo,Positivo,15.0,Si,Lob,Subaguda,16.0,1.0,1.0,3.0,0.0,1.0,0.0,0.0,0.0,0.0,5.0,0.0,0.0,No,,No,,Negativo
1771,2011-2012,24.0,Hembra,2.5,Adult,12.4360128,Negativo,Negativo,Positivo,Negativo,Positivo,Positivo,Positivo,Negativo,Negativo,Negativo,Positivo,15.0,No,,,,0.0,1.0,0.0,0.0,2.0,0.0,0.0,1.0,0.0,3.0,0.0,0.0,No,,,,
1800,2011-2012,8.0,Hembra,2.5,Adult,-30.43642332,Negativo,Negativo,Negativo,Positivo,Positivo,Positivo,Positivo,Negativo,Negativo,Negativo,Positivo,15.0,Si,Lob,Cronica,6.0,2.0,1.0,1.0,2.0,4.0,2.0,0.0,0.0,0.0,10.0,0.0,0.0,No,,Si,Positivo,Positivo
2307,2011-2012,25.5,Macho,5.5,Adult,4.4187661060000005,Positivo,Negativo,Positivo,Positivo,Positivo,Positivo,Negativo,Negativo,Negativo,Negativo,Positivo,15.0,No,,,,0.0,4.0,0.0,0.0,1.0,0.0,0.0,0.0,0.0,,0.0,0.0,No,,Si,Positivo,Positivo
2314,2011-2012,26.0,Macho,2.5,Adult,-6.332943145,Negativo,Negativo,Negativo,Positivo,Negativo,Negativo,Negativo,Negativo,Negativo,Negativo,Positivo,25.0,No,,,,0.0,1.0,0.0,0.0,4.0,0.0,0.0,1.0,0.0,,0.0,0.0,No,,No,,Negativo
2367,2011-2012,23.0,Hembra,1.7,NonAdult,15.66705685,Negativo,Negativo,Positivo,Positivo,Negativo,Negativo,Negativo,Negativo,Negativo,Negativo,Positivo,25.0,No,,,,1.0,,,,,,,,,,,,,,,,
1802,2011-2012,,Hembra,,,-17.40876693,Negativo,Negativo,Negativo,Positivo,Negativo,Negativo,Negativo,Negativo,Negativo,Negativo,Positivo,25.0,Si,Lob,Subaguda,10.0,1.0,0.0,0.0,0.0,4.0,0.0,0.0,0.0,0.0,4.0,1.0,0.0,No,,Si,Positivo,Positivo
1777,2011-2012,24.0,Macho,0.7,NonAdult,-2.1949695769999997,Negativo,Negativo,Negativo,Positivo,InfActiva,Positivo,Negativo,Negativo,Negativo,Negativo,Positivo,25.0,No,,,,0.0,0.0,0.0,2.0,4.0,3.0,0.0,0.0,0.0,9.0,2.0,0.0,No,,No,,Negativo
2315,2011-2012,,Hembra,3.0,Adult,-3.974335216,Negativo,Negativo,Positivo,Positivo,Positivo,Positivo,Negativo,Negativo,Negativo,Negativo,Positivo,25.0,No,,,,1.0,0.0,0.0,0.0,0.0,0.0,0.0,0.0,0.0,,0.0,0.0,No,,No,,Negativo
2397,2011-2012,23.0,Hembra,4.0,Adult,14.82911412,,,,,,,Positivo,Negativo,Negativo,Negativo,Positivo,35.0,No,,,,1.0,0.0,0.0,0.0,5.0,0.0,0.0,0.0,0.0,,3.0,0.0,No,,,,
2313,2011-2012,26.0,Macho,4.0,Adult,-1.9915819119999998,Negativo,Negativo,Negativo,Positivo,Negativo,Negativo,Positivo,Negativo,Negativo,Negativo,Positivo,35.0,No,,,,0.0,,,,,,,,,,,,,,,,
2353,2011-2012,17.0,Hembra,0.9,NonAdult,7.701550247,Negativo,Negativo,Negativo,Negativo,Negativo,Negativo,Positivo,Negativo,Negativo,Positivo,Positivo,35.0,No,,,,0.0,0.0,0.0,0.0,5.0,0.0,0.0,3.0,0.0,,0.0,0.0,No,,No,,Negativo
1801,2011-2012,8.0,Macho,0.9,NonAdult,-23.51224711,Negativo,Negativo,Negativo,Positivo,Negativo,Negativo,Negativo,Negativo,Negativo,Positivo,Positivo,35.0,No,,,,2.0,4.0,0.0,0.0,1.0,1.0,0.0,0.0,0.0,6.0,0.0,0.0,No,,Si,Positivo,Positivo
2390,2011-2012,6.5,Macho,2.0,Adult,-0.760537859,Negativo,Negativo,Negativo,Negativo,Positivo,Positivo,Negativo,Negativo,Negativo,Negativo,Positivo,35.0,No,,,,0.0,0.0,0.0,0.0,5.0,4.0,0.0,0.0,0.0,,1.0,3.0,Si,1,Si,Generalizada,Positivo
2386,2011-2012,6.5,Macho,1.5,NonAdult,11.66705685,Negativo,Negativo,Negativo,Negativo,Positivo,Positivo,Positivo,Negativo,Negativo,Positivo,Positivo,50.0,Si,NoLob,Subaguda,28.0,1.0,0.0,0.0,2.0,3.0,3.0,0.0,0.0,0.0,,0.0,0.0,No,,SI,Positivo,Positivo
2401,2011-2012,23.0,Macho,4.0,Adult,3.59807007,Negativo,Negativo,Positivo,Positivo,Negativo,Negativo,Positivo,Negativo,Negativo,Positivo,Positivo,55.0,No,,,,0.0,0.0,0.0,0.0,2.0,4.0,0.0,1.0,0.0,,0.0,0.0,No,,No,,Negativo
2402,2011-2012,23.0,Macho,3.0,Adult,-1.615727286,Negativo,Negativo,Positivo,Positivo,Positivo,Positivo,Negativo,Negativo,Negativo,Positivo,Positivo,55.0,No,,,,1.0,1.0,0.0,4.0,0.0,0.0,0.0,1.0,0.0,,0.0,0.0,No,,No,,Negativo
1707,2011-2012,,Macho,0.6,NonAdult,-16.21221627,,,,,,,,,,,,,No,,,,0.0,,,,,,,,,,,,,,,,
1708,2011-2012,,Macho,1.4,NonAdult,3.6153167660000003,,,,,,,,,,,,,No,,,,0.0,,,,,,,,,,,,,,,,
1709,2011-2012,,Macho,2.5,Adult,9.273955532999999,,,,,,,,,,,,,No,,,,0.0,,,,,,,,,,,,,,,,
1710,2011-2012,,Hembra,2.5,Adult,1.239462141,,,,,,,,,,,,,Si,NoLob,Cronica,28.0,2.0,,,,,,,,,,,,,,,,
1711,2011-2012,,Macho,1.8,NonAdult,-9.905348432,,,,,,,,,,,,,No,,,,1.0,,,,,,,,,,,,,,,,
1720,2011-2012,,Macho,1.5,NonAdult,-5.136392485,,,,,,,,,,,,,,,,,,,,,,,,,,,,,,,,,
1721,2011-2012,,Hembra,0.6,NonAdult,-12.67430438,,,,,,,,,,,,,,,,,,,,,,,,,,,,,,,,,
1725,2011-2012,,Macho,0.5,NonAdult,-4.263956361,Negativo,,,,,,,,,,,,,,,,,,,,,,,,,,,,,,,,
1736,2011-2012,,Hembra,4.0,Adult,3.649810159,,,,,,,,,,,,,,,,,,,,,,,,,,,,,,,,,
1745,2011-2012,32.0,Macho,2.0,Adult,2.077404872,,,,,,,,,,,,,,,,,,,,,,,,,,,,,,,,,
1795,2011-2012,,Macho,3.0,Adult,-5.205379269,Positivo,Negativo,Positivo,Positivo,,,,,,,,,,,,,,,,,,,,,,,,,,,,,
2294,2011-2012,13.0,Hembra,3.0,Adult,6.846360819,,,,,,,,,,,,,,,,,,,,,,,,,,,,,,,,,
2299,2011-2012,13.0,Macho,1.2,NonAdult,-10.67430438,,,,,,,,,,,,,,,,,,,,,,,,,,,,,,,,,
2300,2011-2012,13.0,Macho,5.0,Adult,-5.188132573,,,,,,,,,,,,,,,,,,,,,,,,,,,,,,,,,
2301,2011-2012,13.0,Macho,2.5,Adult,9.667056855,,,,,,,,,,,,,,,,,,,,,,,,,,,,,,,,,
2302,2011-2012,13.0,Macho,3.0,Adult,17.71879694,,,,,,,,,,,,,,,,,,,,,,,,,,,,,,,,,
2303,2011-2012,13.0,Macho,3.0,Adult,-8.350189841,,,,,,,,,,,,,,,,,,,,,,,,,,,,,,,,,
2304,2011-2012,13.0,Macho,3.0,Adult,-13.15363918,,,,,,,,,,,,,,,,,,,,,,,,,,,,,,,,,
2337,2011-2012,17.0,Hembra,4.0,Adult,23.61531677,,,,,,,,,,,,,,,,,,,,,,,,,,,,,,,,,
2338,2011-2012,17.0,Macho,1.1,NonAdult,-0.332943145,,,,,,,,,,,,,,,,,,,,,,,,,,,,,,,,,
2339,2011-2012,17.0,Macho,1.0,NonAdult,-4.315696449,,,,,,,,,,,,,,,,,,,,,,,,,,,,,,,,,
2340,2011-2012,17.0,Macho,0.9,NonAdult,-4.691551075,,,,,,,,,,,,,,,,,,,,,,,,,,,,,,,,,
2341,2011-2012,17.0,Hembra,1.2,NonAdult,0.863607515,,,,,,,,,,,,,,,,,,,,,,,,,,,,,,,,,
2342,2011-2012,17.0,Hembra,3.0,Adult,6.829114122999999,,,,,,,,,,,,,,,,,,,,,,,,,,,,,,,,,
2343,2011-2012,17.0,Hembra,1.8,NonAdult,10.4532595,,,,,,,,,,,,,,,,,,,,,,,,,,,,,,,,,
2344,2011-2012,17.0,Macho,6.0,Adult,,,,,,,,,,,,,,,,,,,,,,,,,,,,,,,,,,
2345,2011-2012,17.0,Hembra,1.0,NonAdult,7.325695621,,,,,,,,,,,,,,,,,,,,,,,,,,,,,,,,,
2346,2011-2012,17.0,Macho,1.3,NonAdult,-3.905348432,,,,,,,,,,,,,,,,,,,,,,,,,,,,,,,,,
2347,2011-2012,17.0,Macho,1.0,NonAdult,-3.546740502,,,,,,,,,,,,,,,,,,,,,,,,,,,,,,,,,
2348,2011-2012,17.0,Hembra,0.8,NonAdult,4.9325943,,,,,,,,,,,,,,,,,,,,,,,,,,,,,,,,,
2349,2011-2012,17.0,Macho,0.35,NonAdult,-2.963925524,,,,,,,,,,,,,,,,,,,,,,,,,,,,,,,,,
2350,2011-2012,17.0,Hembra,5.0,Adult,0.608479762,,,,,,,,,,,,,,,,,,,,,,,,,,,,,,,,,
2352,2011-2012,17.0,Hembra,0.85,NonAdult,-2.2984497530000003,,,,,,,,,,,,,,,,,,,,,,,,,,,,,,,,,
2355,2011-2012,17.0,Hembra,0.9,NonAdult,7.701550247,,,,,,,,,,,,,,,,,,,,,,,,,,,,,,,,,
2357,2011-2012,17.0,Hembra,0.9,NonAdult,3.718796943,,,,,,,,,,,,,,,,,,,,,,,,,,,,,,,,,
2372,2011-2012,23.0,Hembra,2.9,Adult,11.66705685,,,,,,,,,,,,,,,,,,,,,,,,,,,,,,,,,
2394,2011-2012,23.0,Hembra,4.0,Adult,-3.563987198,,,,,,,,,,,,,,,,,,,,,,,,,,,,,,,,,
2396,2011-2012,23.0,Macho,1.0,NonAdult,-11.47775372,,,,,,,,,,,,,,,,,,,,,,,,,,,,,,,,,
2399,2011-2012,23.0,Hembra,4.0,Adult,10.64981016,,,,,,,,,,,,,,,,,,,,,,,,,,,,,,,,,
2405,2011-2012,23.0,,,,,,,,,,,,,,,,,,,,,,,,,,,,,,,,,,,,,
2415,2011-2012,,Hembra,1.9,NonAdult,9.239462141,,,,,,,,,,,,,,,,,,,,,,,,,,,,,,,,,
1722,2011-2012,,,,,,Negativo,,,,Negativo,Negativo,,,,,,,,,,,,,,,,,,,,,,,,,,,
1728,2011-2012,,Macho,1.9,NonAdult,-5.5812338939999995,Positivo,,,,Negativo,Negativo,,,,,,,,,,,,,,,,,,,,,,,,,,,
1729,2011-2012,,Hembra,3.0,Adult,0.38427271399999996,Negativo,,,,Negativo,Negativo,,,,,,,,,,,,,,,,,,,,,,,,,,,
1731,2011-2012,,Macho,2.0,Adult,9.649810159,Negativo,,,,Negativo,Negativo,,,,,,,,,,,,,,,,,,,,,,,,,,,
1735,2011-2012,,Macho,1.3,NonAdult,-1.95708852,Positivo,,,,Negativo,Negativo,,,,,,,,,,,,,,,,,,,,,,,,,,,
1738,2011-2012,32.0,Hembra,2.5,Adult,1.291202229,Negativo,,,,Negativo,Negativo,,,,,,,,,,,,,,,,,,,,,,,,,,,
1742,2011-2012,32.0,Hembra,1.5,NonAdult,17.30844893,Negativo,Negativo,Positivo,Positivo,Negativo,Negativo,,,,,,,,,,,,,,,,,,,,,,,,,,,
1743,2011-2012,32.0,Macho,1.5,NonAdult,0.111898264,Negativo,Negativo,Positivo,Positivo,Negativo,Negativo,,,,,,,,,,,,,,,,,,,,,,,,,,,
1747,2011-2012,32.0,Hembra,2.0,Adult,6.880854211,Negativo,Negativo,Positivo,Positivo,Negativo,Negativo,,,,,,,,,,,,0.0,0.0,0.0,1.0,0.0,0.0,0.0,0.0,1.0,0.0,0.0,No,,No,,Negativo
1749,2011-2012,32.0,Hembra,1.7,NonAdult,5.308448925,Negativo,Negativo,Negativo,Positivo,Negativo,Negativo,,,,,,,,,,,,,,,,,,,,,,,,,,,
1752,2011-2012,32.0,Hembra,2.5,Adult,24.88085421,Negativo,Negativo,Positivo,Positivo,Negativo,Negativo,,,,,,,,,,,,,,,,,,,,,,,,,,,
1754,2011-2012,32.0,Hembra,2.5,Adult,6.863607515,Negativo,Negativo,Positivo,Positivo,Negativo,Negativo,,,,,,,,,,,,,,,,,,,,,,,,,,,
1756,2011-2012,32.0,Macho,1.0,NonAdult,-1.0674057,Positivo,Negativo,Positivo,Positivo,Negativo,Negativo,,,,,,,,,,,,,,,,,,,,,,,,,,,
1790,2011-2012,,Hembra,3.0,Adult,7.684303551,Negativo,Negativo,Negativo,Positivo,Negativo,Negativo,,,,,,,,,,,,,,,,,,,,,,,,,,,
1794,2011-2012,,Macho,3.0,Adult,-1.153639181,Negativo,Negativo,Negativo,Positivo,Negativo,Negativo,,,,,,,,,,,,,,,,,,,,,,,,,,,
1805,2011-2012,,Macho,2.0,Adult,2.40151941,Negativo,,,,Negativo,Negativo,,,,,,,,,,,,,,,,,,,,,,,,,,,
2279,2011-2012,13.0,Macho,4.0,Adult,-2.7087977710000004,Negativo,Negativo,Negativo,Negativo,Negativo,Negativo,,,,,,,,,,,,,,,,,,,,,,,,,,,
2284,2011-2012,13.0,Macho,5.0,Adult,-2.726044467,Negativo,Negativo,Positivo,Negativo,Negativo,Negativo,,,,,,,,,,,,,,,,,,,,,,,,,,,
2291,2011-2012,13.0,Hembra,5.0,Adult,-4.367436537,Negativo,Negativo,Positivo,Positivo,Negativo,Negativo,,,,,,,,,,,,,,,,,,,,,,,,,,,
2295,2011-2012,13.0,Hembra,1.8,NonAdult,-0.281203057,Negativo,,,,Negativo,Negativo,,,,,,,,,,,,,,,,,,,,,,,,,,,
2320,2011-2012,25.0,Macho,1.0,NonAdult,-14.33294315,Negativo,Negativo,Negativo,Positivo,Negativo,Negativo,,,,,,,,,,,,,,,,,,,,,,,,,,,
2321,2011-2012,25.0,Hembra,3.5,Adult,10.81186743,Negativo,Negativo,Positivo,Positivo,Negativo,Negativo,,,,,,,,,,,,,,,,,,,,,,,,,,,
2322,2011-2012,25.0,Hembra,5.0,Adult,17.18772205,Negativo,Negativo,Positivo,Positivo,Negativo,Negativo,,,,,,,,,,,,,,,,,,,,,,,,,,,
2327,2011-2012,25.0,Macho,1.5,NonAdult,7.273955533,Positivo,Negativo,Negativo,Positivo,Negativo,Negativo,,,,,,,,,,,,,,,,,,,,,,,,,,,
2335,2011-2012,25.0,Macho,4.0,Adult,-18.38468323,Positivo,,,,Negativo,Negativo,,,,,,,,,,,,,,,,,,,,,,,,,,,
2358,2011-2012,,Macho,3.0,Adult,-3.59848059,Negativo,Negativo,Negativo,Positivo,Negativo,Negativo,,,,,,,,,,,,0.0,0.0,4.0,4.0,0.0,0.0,0.0,0.0,8.0,0.0,0.0,No,,Si,,
2361,2011-2012,,Hembra,4.0,Adult,8.418766106,Positivo,Negativo,Positivo,Positivo,Negativo,Negativo,,,,,,,,,,,,0.0,0.0,0.0,5.0,0.0,0.0,3.0,0.0,5.0,0.0,0.0,No,,No,,Negativo
2368,2011-2012,23.0,Hembra,4.0,Adult,5.632563462999999,Negativo,Negativo,Positivo,Positivo,Negativo,Negativo,,,,,,,,,,,,,,,,,,,,,,,,,,,
2369,2011-2012,23.0,Hembra,4.0,Adult,-17.17088588,Positivo,Negativo,Positivo,Positivo,Negativo,Negativo,,,,,,,,,,,,,,,,,,,,,,,,,,,
2370,2011-2012,23.0,Hembra,4.0,Adult,8.04291148,Negativo,Negativo,Positivo,Positivo,Negativo,Negativo,,,,,,,,,,,,,,,,,,,,,,,,,,,
2373,2011-2012,23.0,Hembra,4.0,Adult,-36.38468323,Negativo,Negativo,Positivo,Positivo,Negativo,Negativo,,,,,,,,,,,,,,,,,,,,,,,,,,,
2380,2011-2012,23.0,Hembra,2.5,Adult,0.898100908,Negativo,Negativo,Positivo,Positivo,Negativo,Negativo,,,,,,,,,,,,,,,,,,,,,,,,,,,
2391,2011-2012,6.5,Hembra,0.65,NonAdult,-11.46050702,Negativo,Negativo,Negativo,Positivo,Negativo,Negativo,,,,,,,,,,,,,,,,,,,,,,,,,,,
2406,2011-2012,,Hembra,1.7,NonAdult,-1.136392485,Negativo,Negativo,Negativo,Negativo,Negativo,Negativo,Negativo,Negativo,Negativo,Negativo,,,,,,,,,,,,,,,,,,,,,,,
2407,2011-2012,,Hembra,1.9,NonAdult,21.27395553,Negativo,Negativo,Positivo,Positivo,Negativo,Negativo,Negativo,Negativo,Negativo,Negativo,,,,,,,,,,,,,,,,,,,,,,,
2409,2011-2012,,Hembra,2.5,Adult,3.649810159,Negativo,Negativo,Negativo,Positivo,Negativo,Negativo,,,,,,,,,,,,,,,,,,,,,,,,,,,
2410,2011-2012,,Hembra,1.8,NonAdult,10.47050619,Positivo,Negativo,Negativo,Positivo,Negativo,Negativo,,,,,,,,,,,,,,,,,,,,,,,,,,,
1703,2011-2012,25.0,Hembra,1.7,NonAdult,14.47050619,Negativo,Negativo,Negativo,Positivo,Negativo,Negativo,Negativo,Negativo,Negativo,Negativo,,,Si,NoLob,Aguda,28.0,2.0,,,,,,,,,,,,,,Si,Positivo,Positivo
1705,2011-2012,25.0,Macho,3.0,Adult,-18.81227795,Negativo,Negativo,Negativo,Positivo,Negativo,Negativo,Negativo,Negativo,Negativo,Negativo,,,Si,Lob,Subaguda,16.0,2.0,,,,,,,,,,,,,,Si,Positivo,Positivo
1706,2011-2012,25.0,Macho,5.0,Adult,10.36702602,Negativo,Negativo,Positivo,Positivo,Negativo,Negativo,Negativo,Negativo,Negativo,Negativo,,,,,,,,,,,,,,,,,,,,,Si,Positivo,Positivo
1803,2011-2012,,Hembra,3.0,Adult,-0.384683234,Positivo,Negativo,Negativo,Negativo,Negativo,Negativo,Negativo,Negativo,Negativo,Negativo,,,No,,,,1.0,4.0,0.0,0.0,0.0,0.0,0.0,0.0,0.0,4.0,0.0,0.0,No,,Si,Positivo,Positivo
1806,2011-2012,,Macho,2.5,Adult,-13.97433522,Negativo,Negativo,Negativo,Negativo,Negativo,Negativo,Negativo,Negativo,Negativo,Negativo,,,No,,,,1.0,4.0,0.0,2.0,2.0,2.0,0.0,0.0,0.0,10.0,0.0,0.0,No,,Si,Positivo,Positivo
1698,2011-2012,25.0,Hembra,1.5,NonAdult,5.718796942999999,Positivo,Negativo,Positivo,Positivo,Positivo,Positivo,Positivo,Negativo,Negativo,Negativo,,,No,,,,2.0,1.0,0.0,4.0,0.0,0.0,0.0,0.0,0.0,5.0,0.0,6.0,Si,,Si,Generalizada,Positivo
1699,2011-2012,25.0,Hembra,3.0,Adult,-1.101899092,Negativo,Negativo,Positivo,Positivo,Positivo,Positivo,Negativo,Negativo,Negativo,Negativo,,,Si,NoLob,Cronica,28.0,2.0,2.0,0.0,2.0,0.0,0.0,0.0,1.0,0.0,4.0,0.0,6.0,Si,3_4,Si,Generalizada,Positivo
1713,2011-2012,8.0,Hembra,3.0,Adult,-5.5639871979999995,Positivo,Negativo,Positivo,Positivo,Positivo,Positivo,Negativo,Negativo,Negativo,Negativo,,,,,,,,1.0,0.0,0.0,0.0,0.0,0.0,3.0,0.0,1.0,0.0,1.0,Si,1,Si,Generalizada,Positivo
1715,2011-2012,8.0,Macho,0.9,NonAdult,-23.050159,Positivo,Negativo,Positivo,Positivo,Positivo,Positivo,Negativo,Negativo,Negativo,Negativo,,,,,,,,4.0,0.0,1.0,1.0,0.0,0.0,0.0,0.0,6.0,4.0,4.0,Si,1_3,Si,Generalizada,Positivo
2404,2011-2012,23.0,Macho,,,,Negativo,Negativo,Positivo,Negativo,Positivo,Positivo,,,,,,,,,,,,0.0,3.0,0.0,4.0,1.0,0.0,0.0,0.0,,0.0,3.0,Si,1_4,No,Generalizada,Positivo
1696,2011-2012,25.0,Hembra,1.5,NonAdult,-17.050159,Positivo,Negativo,Positivo,Positivo,Positivo,Positivo,Positivo,Negativo,Positivo,Negativo,,,No,,,,1.0,4.0,4.0,4.0,6.0,6.0,0.0,0.0,0.0,24.0,0.0,0.0,No,,,,
1697,2011-2012,25.0,Macho,2.5,Adult,-23.52949381,Negativo,Negativo,Negativo,Positivo,Positivo,Positivo,,,,,,,,,,,,,,,,,,,,,,,,,,,
1712,2011-2012,8.0,Macho,2.5,Adult,-15.18813257,Negativo,Negativo,Negativo,Positivo,Positivo,Positivo,Negativo,Negativo,Positivo,Positivo,,,No,,,,0.0,0.0,0.0,6.0,1.0,0.0,0.0,0.0,0.0,7.0,0.0,0.0,No,,No,,Negativo
1718,2011-2012,,Hembra,4.0,Adult,3.649810159,Negativo,,,,Positivo,Positivo,,,,,,,,,,,,,,,,,,,,,,,,,,,
1719,2011-2012,,Hembra,3.0,Adult,2.898100908,Negativo,,,,Positivo,Positivo,,,,,,,,,,,,,,,,,,,,,,,,,,,
1723,2011-2012,,Hembra,1.5,NonAdult,-0.315696449,Positivo,,,,Positivo,Positivo,,,,,,,,,,,,,,,,,,,,,,,,,,,
1724,2011-2012,,Macho,0.5,NonAdult,-31.85360834,Positivo,,,,Positivo,Positivo,,,,,,,,,,,,,,,,,,,,,,,,,,,
1726,2011-2012,,Macho,1.8,NonAdult,-13.11914579,Positivo,,,,Positivo,Positivo,,,,,,,,,,,,,,,,,,,,,,,,,,,
1727,2011-2012,,Hembra,3.0,Adult,-0.384683234,Positivo,,,,Positivo,Positivo,,,,,,,,,,,,,,,,,,,,,,,,,,,
1730,2011-2012,,Macho,2.0,Adult,11.63256346,Positivo,,,,Positivo,Positivo,,,,,,,,,,,,,,,,,,,,,,,,,,,
1732,2011-2012,,Macho,2.0,Adult,0.40151941,Positivo,,,,Positivo,Positivo,,,,,,,,,,,,,,,,,,,,,,,,,,,
1733,2011-2012,,Hembra,1.9,NonAdult,-4.350189841000001,Positivo,,,,Positivo,Positivo,,,,,,,,,,,,,,,,,,,,,,,,,,,
1734,2011-2012,,Macho,1.4,NonAdult,-8.760537859,Positivo,,,,Positivo,Positivo,,,,,,,,,,,,,,,,,,,,,,,,,,,
1737,2011-2012,32.0,Hembra,3.0,Adult,4.522246282,Negativo,,,,Positivo,Positivo,,,,,,,,,,,,,,,,,,,,,,,,,,,
1739,2011-2012,32.0,Hembra,3.0,Adult,8.470506194,Positivo,,,,Positivo,Positivo,,,,,,,,,,,,,,,,,,,,,,,,,,,
1741,2011-2012,32.0,Hembra,3.0,Adult,18.07740487,Negativo,,,,Positivo,Positivo,,,,,,,,,,,,,,,,,,,,,,,,,,,
1744,2011-2012,32.0,Hembra,3.0,Adult,2.077404872,Negativo,Negativo,Positivo,Positivo,Positivo,Positivo,,,,,,,,,,,,,,,,,,,,,,,,,,,
1750,2011-2012,32.0,Hembra,3.0,Adult,5.2739555330000005,Positivo,Negativo,Positivo,Positivo,Positivo,Positivo,,,,,,,,,,,,,,,,,,,,,,,,,,,
1751,2011-2012,32.0,Macho,3.0,Adult,-8.315696448999999,Negativo,Negativo,Positivo,Positivo,Positivo,Positivo,,,,,,,,,,,,,,,,,,,,,,,,,,,
1753,2011-2012,32.0,Hembra,3.0,Adult,21.66705685,Negativo,Negativo,Positivo,Positivo,Positivo,Positivo,,,,,,,,,,,,,,,,,,,,,,,,,,,
1761,2011-2012,23.0,Hembra,3.0,Adult,-11.59848059,Negativo,Negativo,Negativo,Positivo,InfReciente,Positivo,,,,,,,No,,,,0.0,0.0,0.0,0.0,5.0,0.0,0.0,0.0,0.0,5.0,0.0,0.0,No,,,,
1763,2011-2012,23.0,Macho,4.0,Adult,-38.41917663,Positivo,Negativo,Positivo,Positivo,Positivo,Positivo,,,,,,,,,,,,,,,,,,,,,,,,,,,
1766,2011-2012,23.0,Macho,5.0,Adult,-7.991581912000001,Positivo,Negativo,Positivo,Positivo,Positivo,Positivo,Negativo,Negativo,Negativo,Negativo,,,,,,,,,,,,,,,,,,,,,,,
1767,2011-2012,23.0,Macho,5.0,Adult,-16.00882861,Negativo,Negativo,Positivo,Positivo,Positivo,Positivo,,,,,,,,,,,,,,,,,,,,,,,,,,,
1781,2011-2012,,Hembra,2.0,Adult,3.6153167660000003,Negativo,Negativo,Positivo,Positivo,Positivo,Positivo,,,,,,,,,,,,,,,,,,,,,,,,,,,
1782,2011-2012,,Macho,2.0,Adult,18.86360752,Negativo,,,,Positivo,Positivo,,,,,,,,,,,,,,,,,,,,,,,,,,,
1783,2011-2012,,Hembra,3.0,Adult,13.66705685,Negativo,Negativo,Negativo,Positivo,Positivo,Positivo,,,,,,,,,,,,,,,,,,,,,,,,,,,
1784,2011-2012,,Hembra,1.0,NonAdult,5.701550247,Negativo,Negativo,Positivo,Positivo,Positivo,Positivo,,,,,,,No,,,,1.0,0.0,0.0,6.0,2.0,0.0,0.0,1.0,0.0,8.0,0.0,0.0,No,,No,,Negativo
1786,2011-2012,,Hembra,3.0,Adult,12.09465157,Negativo,Negativo,Positivo,Positivo,Positivo,Positivo,,,,,,,,,,,,,,,,,,,,,,,,,,,
1787,2011-2012,,Hembra,1.8,NonAdult,12.86360752,Negativo,Negativo,Positivo,Positivo,Positivo,Positivo,,,,,,,,,,,,,,,,,,,,,,,,,,,
1788,2011-2012,,Hembra,3.0,Adult,3.2567088369999997,Negativo,Negativo,Positivo,Positivo,Positivo,Positivo,,,,,,,,,,,,,,,,,,,,,,,,,,,
1789,2011-2012,,Macho,3.0,Adult,-1.5812338940000001,Negativo,Negativo,Positivo,Positivo,Positivo,Positivo,,,,,,,,,,,,,,,,,,,,,,,,,,,
1791,2011-2012,,Hembra,3.0,Adult,15.27395553,Positivo,,,,Positivo,Positivo,,,,,,,,,,,,,,,,,,,,,,,,,,,
1792,2011-2012,,Macho,3.0,Adult,1.2567088370000001,Negativo,,,,Positivo,Positivo,,,,,,,,,,,,,,,,,,,,,,,,,,,
1796,2011-2012,,Macho,3.0,Adult,-2.436423322,Negativo,Negativo,Positivo,Positivo,Positivo,Positivo,,,,,,,,,,,,,,,,,,,,,,,,,,,
2268,2011-2012,13.0,Hembra,3.0,Adult,-15.36743654,Negativo,Negativo,Positivo,Positivo,Positivo,Positivo,,,,,,,,,,,,,,,,,,,,,,,,,,,
2269,2011-2012,13.0,Hembra,1.5,NonAdult,3.7705370310000004,Negativo,Negativo,Positivo,Negativo,Positivo,Positivo,,,,,,,,,,,,,,,,,,,,,,,,,,,
2270,2011-2012,13.0,Hembra,3.0,Adult,1.2739555329999999,Positivo,Negativo,Positivo,Positivo,Positivo,Positivo,,,,,,,,,,,,,,,,,,,,,,,,,,,
2271,2011-2012,13.0,Hembra,2.0,Adult,2.077404872,Positivo,Negativo,Positivo,Positivo,Positivo,Positivo,,,,,,,,,,,,,,,,,,,,,,,,,,,
2272,2011-2012,13.0,Hembra,4.0,Adult,-3.9398418239999997,Negativo,Negativo,Positivo,Positivo,Positivo,Positivo,,,,,,,,,,,,,,,,,,,,,,,,,,,
2273,2011-2012,13.0,Hembra,4.0,Adult,-1.153639181,Negativo,Negativo,Positivo,Positivo,Positivo,Positivo,,,,,,,,,,,,,,,,,,,,,,,,,,,
2275,2011-2012,13.0,Hembra,4.0,Adult,-16.33294315,Negativo,Negativo,Positivo,Positivo,Positivo,Positivo,,,,,,,,,,,,,,,,,,,,,,,,,,,
2277,2011-2012,13.0,Macho,1.5,NonAdult,7.667056855,Negativo,Negativo,Positivo,Positivo,Positivo,Positivo,,,,,,,,,,,,,,,,,,,,,,,,,,,
2280,2011-2012,13.0,Macho,4.0,Adult,-13.11914579,Negativo,Negativo,Positivo,Positivo,Positivo,Positivo,,,,,,,,,,,,,,,,,,,,,,,,,,,
2281,2011-2012,13.0,Macho,4.0,Adult,-6.298449753,Negativo,Negativo,Positivo,Positivo,Positivo,Positivo,,,,,,,,,,,,,,,,,,,,,,,,,,,
2282,2011-2012,13.0,Macho,4.0,Adult,-10.72604447,Negativo,Negativo,Positivo,Positivo,Positivo,Positivo,,,,,,,,,,,,,,,,,,,,,,,,,,,
2286,2011-2012,13.0,Macho,1.8,NonAdult,2.9670876919999998,Negativo,Negativo,Positivo,Positivo,Positivo,Positivo,,,,,,,,,,,,,,,,,,,,,,,,,,,
2287,2011-2012,13.0,Macho,4.0,Adult,-3.87085504,Positivo,Negativo,Positivo,Positivo,Positivo,Positivo,,,,,,,,,,,,,,,,,,,,,,,,,,,
2288,2011-2012,13.0,Hembra,5.0,Adult,-5.939841824,Negativo,Negativo,Positivo,Positivo,Positivo,Positivo,,,,,,,,,,,,,,,,,,,,,,,,,,,
2292,2011-2012,13.0,Hembra,5.0,Adult,0.04291148,Negativo,Negativo,Positivo,Positivo,Positivo,Positivo,,,,,,,,,,,,,,,,,,,,,,,,,,,
2296,2011-2012,13.0,Hembra,5.0,Adult,8.04291148,Negativo,,,,Positivo,Positivo,,,,,,,,,,,,,,,,,,,,,,,,,,,
2298,2011-2012,13.0,Hembra,2.0,Adult,-2.384683234,Negativo,Negativo,Positivo,Positivo,Positivo,Positivo,,,,,,,,,,,,,,,,,,,,,,,,,,,
2317,2011-2012,25.0,Macho,1.0,NonAdult,0.094651568,Positivo,Negativo,Negativo,Negativo,Positivo,Positivo,,,,,,,,,,,,,,,,,,,,,,,,,,,
2318,2011-2012,25.0,Hembra,1.0,NonAdult,-7.905348432,Positivo,Negativo,Negativo,Positivo,Positivo,Positivo,,,,,,,,,,,,,,,,,,,,,,,,,,,
2319,2011-2012,25.0,Macho,1.2,NonAdult,-3.101899092,Positivo,Negativo,Positivo,Positivo,Positivo,Positivo,,,,,,,,,,,,,,,,,,,,,,,,,,,
2323,2011-2012,25.0,Hembra,0.9,NonAdult,-0.298449753,Positivo,Negativo,Negativo,Positivo,Positivo,Positivo,,,,,,,,,,,,,,,,,,,,,,,,,,,
2324,2011-2012,25.0,Macho,1.0,NonAdult,-7.939841824,Positivo,Negativo,Positivo,Positivo,InfReciente,Positivo,,,,,,,,,,,,,,,,,,,,,,,,,,,
2326,2011-2012,25.0,Hembra,1.5,NonAdult,7.273955533,Positivo,Negativo,Positivo,Positivo,Positivo,Positivo,,,,,,,,,,,,,,,,,,,,,,,,,,,
2328,2011-2012,25.0,Hembra,3.0,Adult,7.273955533,Positivo,Negativo,Positivo,Positivo,Positivo,Positivo,,,,,,,,,,,,,,,,,,,,,,,,,,,
2329,2011-2012,25.0,Hembra,4.5,Adult,7.59807007,Positivo,Negativo,Positivo,Positivo,Positivo,Positivo,,,,,,,,,,,,,,,,,,,,,,,,,,,
2332,2011-2012,25.0,Macho,4.0,Adult,-11.5467405,Positivo,Negativo,Positivo,Positivo,Positivo,Positivo,,,,,,,,,,,,,,,,,,,,,,,,,,,
2333,2011-2012,25.0,Macho,3.5,Adult,-10.33294315,Positivo,Negativo,Positivo,Positivo,Positivo,Positivo,,,,,,,,,,,,,,,,,,,,,,,,,,,
2334,2011-2012,25.0,Macho,1.8,NonAdult,-5.51224711,Positivo,Positivo,Positivo,Positivo,Positivo,Positivo,,,,,,,,,,,,,,,,,,,,,,,,,,,
2359,2011-2012,,Macho,3.0,Adult,-12.38468323,Negativo,Negativo,Negativo,Positivo,Positivo,Positivo,,,,,,,,,,,,0.0,1.0,2.0,3.0,0.0,0.0,0.0,0.0,6.0,0.0,0.0,No,,No,,Negativo
2360,2011-2012,,Macho,1.9,NonAdult,-12.76053786,Negativo,Negativo,Positivo,Positivo,Positivo,Positivo,,,,,,,,,,,,0.0,0.0,0.0,0.0,0.0,0.0,1.0,0.0,0.0,0.0,0.0,No,,No,,Negativo
2364,2011-2012,23.0,Hembra,4.0,Adult,9.256708837,Negativo,Negativo,Positivo,Positivo,Positivo,Positivo,,,,,,,,,,,,,,,,,,,,,,,,,,,
2374,2011-2012,23.0,Hembra,4.0,Adult,3.6153167660000003,Negativo,,,,Positivo,Positivo,,,,,,,,,,,,,,,,,,,,,,,,,,,
2375,2011-2012,23.0,Macho,2.7,Adult,-5.5812338939999995,Negativo,,,,Positivo,Positivo,,,,,,,,,,,,,,,,,,,,,,,,,,,
2376,2011-2012,23.0,Macho,4.0,Adult,-3.1881325730000003,Negativo,,,,Positivo,Positivo,,,,,,,,,,,,,,,,,,,,,,,,,,,
2377,2011-2012,23.0,Macho,4.0,Adult,2.829114123,Negativo,,,,Positivo,Positivo,,,,,,,,,,,,,,,,,,,,,,,,,,,
2378,2011-2012,23.0,Macho,3.0,Adult,2.384272714,Positivo,,,,Positivo,Positivo,,,,,,,,,,,,,,,,,,,,,,,,,,,
2379,2011-2012,23.0,Hembra,2.5,Adult,-1.9743352159999998,Negativo,,,,Positivo,Positivo,,,,,,,,,,,,,,,,,,,,,,,,,,,
2381,2011-2012,23.0,Hembra,2.5,Adult,17.64981016,Negativo,Negativo,Positivo,Positivo,Positivo,Positivo,,,,,,,,,,,,,,,,,,,,,,,,,,,
2382,2011-2012,23.0,Hembra,4.0,Adult,-0.7950312509999999,Negativo,,,,Positivo,Positivo,,,,,,,,,,,,,,,,,,,,,,,,,,,
2383,2011-2012,23.0,Hembra,4.0,Adult,25.64981016,Negativo,,,,Positivo,Positivo,,,,,,,,,,,,,,,,,,,,,,,,,,,
2388,2011-2012,6.5,Hembra,1.5,NonAdult,7.256708837000001,Positivo,Negativo,Positivo,Positivo,Positivo,Positivo,,,,,,,,,,,,,,,,,,,,,,,,,,,
2389,2011-2012,6.5,Hembra,1.5,NonAdult,-13.15363918,Negativo,Negativo,Negativo,Positivo,Positivo,Positivo,,,,,,,,,,,,,,,,,,,,,,,,,,,
2392,2011-2012,6.5,Hembra,2.5,Adult,13.63256346,Negativo,Negativo,Positivo,Positivo,Positivo,Positivo,,,,,,,,,,,,,,,,,,,,,,,,,,,
2393,2011-2012,6.5,Hembra,2.5,Adult,6.4705061939999995,Negativo,Negativo,Positivo,Positivo,Positivo,Positivo,,,,,,,,,,,,,,,,,,,,,,,,,,,
2395,2011-2012,23.0,Hembra,0.8,NonAdult,1.718796943,Negativo,,,,Positivo,Positivo,,,,,,,,,,,,,,,,,,,,,,,,,,,
2400,2011-2012,23.0,Hembra,4.0,Adult,12.02566478,Positivo,Negativo,Positivo,Positivo,Positivo,Positivo,,,,,,,,,,,,,,,,,,,,,,,,,,,
2408,2011-2012,,Hembra,1.5,NonAdult,10.88085421,Negativo,Negativo,Positivo,Positivo,Positivo,Positivo,Negativo,Negativo,Negativo,Negativo,,,,,,,,,,,,,,,,,,,,,,,
2411,2011-2012,,,,,,Negativo,Negativo,Positivo,Positivo,Positivo,Positivo,,,,,,,,,,,,,,,,,,,,,,,,,,,
2412,2011-2012,,Hembra,1.9,NonAdult,4.025664784,Negativo,Negativo,Positivo,Positivo,Positivo,Positivo,,,,,,,,,,,,,,,,,,,,,,,,,,,
2413,2011-2012,,Hembra,2.0,Adult,5.615316766,Negativo,Negativo,Positivo,Positivo,InfReciente,Positivo,,,,,,,,,,,,,,,,,,,,,,,,,,,
2414,2011-2012,,Hembra,2.5,Adult,6.025664784,Negativo,Negativo,Negativo,Positivo,Positivo,Positivo,,,,,,,,,,,,,,,,,,,,,,,,,,,
2415,2011-2012,,Hembra,3.0,Adult,0.36702601700000004,Negativo,Negativo,Positivo,Positivo,Positivo,Positivo,,,,,,,,,,,,,,,,,,,,,,,,,,,
1700,2011-2012,25.0,Hembra,3.0,Adult,-6.40192993,Negativo,Negativo,Positivo,Positivo,InfActiva,Positivo,Negativo,Negativo,Negativo,Negativo,,,No,,,,1.0,2.0,0.0,1.0,0.0,0.0,0.0,0.0,0.0,3.0,0.0,0.0,No,,Si,Positivo,Positivo
1701,2011-2012,25.0,Hembra,3.0,Adult,-3.9398418239999997,Negativo,Negativo,Negativo,Positivo,InfReciente,Positivo,Negativo,Negativo,Negativo,Negativo,,,No,,,,0.0,2.0,0.0,1.0,2.0,3.0,0.0,0.0,0.0,8.0,0.0,0.0,No,,Si,Positivo,Positivo
1702,2011-2012,25.0,Hembra,,,-2.384683234,Negativo,Negativo,Positivo,Positivo,InfReciente,Positivo,Negativo,Negativo,Negativo,Negativo,,,No,,,,0.0,2.0,0.0,1.0,2.0,0.0,0.0,1.0,0.0,5.0,1.0,0.0,No,,Si,Positivo,Positivo
1704,2011-2012,25.0,Hembra,,,-19.95708852,Negativo,Negativo,Positivo,Positivo,Positivo,Positivo,Negativo,Negativo,Negativo,Negativo,,,Si,NoLob,Cronica,28.0,2.0,,,,,,,,,,,,,,Si,Positivo,Positivo
1714,2011-2012,8.0,Hembra,4.0,Adult,17.20496875,Positivo,Negativo,Positivo,Positivo,Positivo,Positivo,Negativo,Negativo,Negativo,Negativo,,,,,,,,2.0,0.0,3.0,4.0,0.0,0.0,2.0,0.0,9.0,2.0,0.0,No,,Si,Positivo,Positivo
1716,2011-2012,8.0,Macho,3.0,Adult,-24.43642332,Positivo,Negativo,Negativo,Negativo,Positivo,Positivo,Negativo,Negativo,Negativo,Negativo,,,,,,,,1.0,0.0,4.0,4.0,0.0,0.0,1.0,0.0,9.0,0.0,0.0,No,,Si,Positivo,Positivo
1717,2011-2012,8.0,Macho,0.9,NonAdult,-30.24670967,Negativo,Negativo,Negativo,Negativo,Positivo,Positivo,Negativo,Negativo,Negativo,Negativo,,,,,,,,4.0,4.0,4.0,6.0,4.0,0.0,0.0,0.0,22.0,0.0,0.0,No,,Si,Positivo,Positivo
2362,2011-2012,,Hembra,1.8,NonAdult,5.204968749,Positivo,Negativo,Positivo,Positivo,Positivo,Positivo,,,,,,,,,,,,0.0,0.0,0.0,1.0,0.0,0.0,1.0,0.0,1.0,0.0,0.0,No,,Si,Positivo,Positivo
