NLab,Year,Finca,Densidad,Sexo,Edad,EdadClase,CondicionCorporal,ELISAInfluenza,ELISAPRRS,ELISAADV,ELISAPPV,ELISAPCV,ELISAPCV2,PCRMycoPul,PCRHaemoPul,PCRAPPPul,PCRPCVPul,Metastronguilus_Clas,Metastrongilus,Lesion_Pulm,Tipo,Duracion,Score,NL_TRQ,NIntersticial,Bronconeumonia,Pleuritis,Peribronquitis,Bronquitis,HiperNT2,Enfisema,Necrosis,Score_Micro,Tej_Conjuntivo,Granulomas,Granuloma_Pul,Tipo_Granuloma,Granuloma_NL,TB_Generalizada,TB
2293,2011-2012,PiedraSanta,13,Hembra,2.5,Adult,-8.350189841,NA,NA,NA,NA,NA,NA,Negativo,Negativo,Negativo,Positivo,Negativo,0,Si,Lob,Cronica,4,1,0,0,0,5,0,0,0,0,NA,0,0,No,NA,No,NA,Negativo
1807,2011-2012,CastilloVinuelas,NA,Hembra,2,Adult,9.256708837,Negativo,Negativo,Positivo,Positivo,Negativo,Negativo,Negativo,Negativo,Negativo,Negativo,Negativo,0,No,NA,NA,NA,1,4,0,0,1,2,0,3,0,7,0,1,Si,1,Si,Generalizada,Positivo
1740,2011-2012,MorroLesmes,32,Macho,1.5,NonAdult,9.649810159,Negativo,Negativo,Negativo,Positivo,Negativo,Negativo,Negativo,Negativo,Negativo,Negativo,Negativo,0,No,NA,NA,NA,0,0,0,1,0,0,0,1,0,1,0,0,No,NA,No,NA,Negativo
1757,2011-2012,MorroLesmes,32,Hembra,4,Adult,NA,Positivo,Negativo,Positivo,Positivo,Negativo,Negativo,Negativo,Negativo,Negativo,Negativo,Negativo,0,Si,Lob,Subaguda,8,1,0,0,0,0,0,0,0,0,0,0,0,No,NA,No,NA,Negativo
1760,2011-2012,LasJaras,23,Hembra,4,Adult,-24.0260753,Negativo,Negativo,Positivo,Positivo,Negativo,Negativo,NA,NA,NA,NA,Negativo,0,No,NA,NA,NA,0,0,0,0,0,0,0,0,0,0,0,0,No,NA,No,NA,Negativo
2311,2011-2012,Campillo,26,Macho,5,Adult,0.418766106,Negativo,Negativo,Positivo,Positivo,Negativo,Negativo,Negativo,Negativo,Negativo,Negativo,Negativo,0,No,NA,NA,NA,0,0,0,0,1,0,0,0,0,NA,0,0,No,NA,No,NA,Negativo
2363,2011-2012,LasJaras,23,Hembra,4,Adult,16.86360752,Positivo,Negativo,Positivo,Positivo,Negativo,Negativo,Negativo,Negativo,Negativo,Negativo,Negativo,0,No,NA,NA,NA,0,0,0,0,1,1,0,1,0,2,0,0,No,NA,No,NA,Negativo
2365,2011-2012,LasJaras,23,Hembra,1.9,NonAdult,32.53949298,Negativo,Negativo,Negativo,Positivo,Negativo,Negativo,Negativo,Negativo,Negativo,Negativo,Negativo,0,No,NA,NA,NA,1,0,3,0,6,3,0,0,0,12,3,0,No,NA,No,NA,Negativo
2356,2011-2012,Valdecasillas,17,Hembra,3.5,Adult,6.060158176,Positivo,Negativo,Positivo,Positivo,Negativo,Negativo,Positivo,Negativo,Negativo,Negativo,Negativo,0,No,NA,NA,NA,0,0,0,0,1,0,0,1,0,NA,0,0,No,NA,Si,Positivo,Positivo
1776,2011-2012,Elcristo,24,Macho,NA,NA,-2.246709665,Negativo,Negativo,Positivo,Negativo,InfReciente,Positivo,Negativo,Negativo,Negativo,Negativo,Negativo,0,Si,NoLob,Cronica,2,2,4,4,4,6,3,0,0,3,24,0,6,Si,1_4,Si,Generalizada,Positivo
1797,2011-2012,Aceitunillas,8,Hembra,3,Adult,-11.97433522,Positivo,Negativo,Positivo,Positivo,InfReciente,Positivo,Positivo,Negativo,Negativo,Negativo,Negativo,0,No,NA,NA,NA,1,1,3,0,5,2,0,0,3,14,0,3,Si,4,Si,Generalizada,Positivo
1768,2011-2012,Elcristo,24,Hembra,2,Adult,10.4360128,Negativo,Negativo,Positivo,Negativo,Positivo,Positivo,Negativo,Negativo,Negativo,Negativo,Negativo,0,No,NA,NA,NA,0,0,0,0,0,0,0,0,0,0,0,0,No,NA,No,NA,Negativo
1769,2011-2012,Elcristo,24,Hembra,1.5,NonAdult,7.204968749,Negativo,Negativo,Negativo,Negativo,Positivo,Positivo,Positivo,Negativo,Negativo,Negativo,Negativo,0,No,NA,NA,NA,1,1,0,2,4,5,0,1,0,12,0,0,No,NA,NA,NA,NA
1770,2011-2012,Elcristo,24,Hembra,NA,NA,3.291202229,Negativo,Negativo,Negativo,Positivo,Positivo,Positivo,NA,NA,NA,NA,Negativo,0,No,NA,NA,NA,1,3,0,2,4,3,0,1,0,12,0,0,No,NA,No,NA,Negativo
1773,2011-2012,Elcristo,24,Hembra,2,Adult,13.23946214,Negativo,Negativo,Positivo,Negativo,Positivo,Positivo,NA,NA,NA,NA,Negativo,0,No,NA,NA,NA,0,NA,NA,NA,NA,NA,NA,NA,NA,NA,NA,NA,NA,NA,No,NA,Negativo
1780,2011-2012,Elcristo,24,Macho,NA,NA,NA,Negativo,Negativo,Positivo,Positivo,Positivo,Positivo,Negativo,Negativo,Negativo,Negativo,Negativo,0,Si,NoLob,Cronica,28,2,0,0,2,4,0,0,1,0,6,0,0,No,NA,NA,NA,NA
1785,2011-2012,Azagala,NA,Hembra,3,Adult,14.06015818,Negativo,Negativo,Positivo,Positivo,Positivo,Positivo,Positivo,Negativo,Negativo,Negativo,Negativo,0,No,NA,NA,NA,1,4,0,4,0,0,0,0,0,8,0,0,No,NA,NA,NA,NA
2289,2011-2012,PiedraSanta,13,Hembra,5,Adult,1.649810159,Positivo,Negativo,Positivo,Positivo,Positivo,Positivo,Negativo,Negativo,Negativo,Negativo,Negativo,0,No,NA,NA,NA,1,1,0,0,1,0,0,0,0,NA,0,0,No,NA,No,NA,Negativo
2290,2011-2012,PiedraSanta,13,Hembra,5,Adult,5.632563463,Negativo,Negativo,Positivo,Positivo,Positivo,Positivo,Positivo,Negativo,Negativo,Negativo,Negativo,0,No,NA,NA,NA,0,1,0,0,0,0,0,0,0,NA,0,0,No,NA,No,NA,Negativo
2305,2011-2012,SanAnt?n,25.5,Macho,5,Adult,10.04291148,Positivo,Negativo,Positivo,Positivo,Positivo,Positivo,Negativo,Negativo,Negativo,Negativo,Negativo,0,Si,Lob,Subaguda,1,NA,0,0,0,3,0,0,0,0,NA,0,0,No,NA,No,NA,Negativo
2371,2011-2012,LasJaras,23,Hembra,4,Adult,18.84636082,Negativo,Negativo,Positivo,Positivo,Positivo,Positivo,Negativo,Negativo,Negativo,Negativo,Negativo,0,No,NA,NA,NA,0,NA,NA,NA,NA,NA,NA,NA,NA,NA,NA,NA,NA,NA,NA,NA,NA
1798,2011-2012,Aceitunillas,8,Hembra,1.8,NonAdult,-11.97433522,Negativo,Negativo,Positivo,Positivo,Positivo,Positivo,Positivo,Negativo,Negativo,Positivo,Negativo,0,No,NA,NA,NA,1,2,0,0,0,0,0,0,0,2,0,0,No,NA,Si,Positivo,Positivo
1799,2011-2012,Aceitunillas,8,Macho,4,Adult,NA,Negativo,Negativo,Positivo,Positivo,Positivo,Positivo,Positivo,Negativo,Negativo,Negativo,Negativo,0,No,NA,NA,NA,1,0,0,2,4,4,0,0,0,10,0,0,No,NA,Si,Positivo,Positivo
2283,2011-2012,PiedraSanta,13,Hembra,2.5,Adult,-3.95708852,Negativo,Negativo,Positivo,Positivo,Positivo,Positivo,Positivo,Negativo,Negativo,Negativo,Negativo,0,No,NA,NA,NA,1,0,0,0,0,0,0,0,0,NA,0,0,No,NA,Si,Positivo,Positivo
2325,2011-2012,SantaAmalia,25,Hembra,0.9,NonAdult,0.522246282,Positivo,Negativo,Positivo,Positivo,Positivo,Positivo,Negativo,Negativo,Negativo,Positivo,Negativo,0,Si,Lob,Aguda,8,1,0,0,0,4,0,0,0,0,NA,0,0,No,NA,Si,Positivo,Positivo
2330,2011-2012,SantaAmalia,25,Hembra,2,Adult,12.84636082,Positivo,Negativo,Positivo,Positivo,Positivo,Positivo,Negativo,Negativo,Negativo,Positivo,Negativo,0,Si,Lob,Subaguda,3,2,0,0,0,4,1,0,1,0,NA,1,0,No,NA,Si,Positivo,Positivo
2336,2011-2012,SantaAmalia,25,Hembra,1.4,NonAdult,-7.101899092,Negativo,Negativo,Negativo,Positivo,Positivo,Positivo,Positivo,Negativo,Negativo,Positivo,Negativo,0,Si,Lob,Subaguda,12,2,1,0,1,6,2,0,1,0,NA,0,0,No,NA,Si,Positivo,Positivo
1772,2011-2012,Elcristo,24,Macho,1.5,NonAdult,3.684303551,Negativo,Negativo,Positivo,Negativo,Negativo,Negativo,Positivo,Negativo,Negativo,Negativo,Positivo,1,No,NA,NA,NA,2,4,0,4,5,0,0,1,0,13,0,0,No,NA,Si,Positivo,Positivo
2387,2011-2012,TorricoSanPedro,6.5,Macho,1,NonAdult,-14.70879777,Negativo,Negativo,Positivo,Positivo,Positivo,Positivo,Negativo,Negativo,Negativo,Negativo,Positivo,1,No,NA,NA,NA,0,1,0,0,2,2,0,0,0,NA,0,3,Si,2,Si,Generalizada,Positivo
1775,2011-2012,Elcristo,24,Macho,1.5,NonAdult,0.060158176,Negativo,Negativo,Positivo,Negativo,Positivo,Positivo,Positivo,Negativo,Negativo,Negativo,Positivo,1,No,NA,NA,NA,0,0,0,0,3,0,0,0,0,3,0,1,Si,1,No,NA,Negativo
1793,2011-2012,Azagala,NA,Hembra,NA,NA,4.206755093,Positivo,Positivo,Positivo,Positivo,Positivo,Positivo,Negativo,Negativo,Negativo,Negativo,Positivo,1,NA,NA,NA,NA,NA,NA,NA,NA,NA,NA,NA,NA,NA,NA,NA,NA,NA,NA,NA,NA,NA
2306,2011-2012,SanAnt?n,25.5,Macho,6,Adult,1.222215445,Positivo,Negativo,Positivo,Positivo,Positivo,Positivo,Positivo,Negativo,Negativo,Positivo,Positivo,1,No,NA,NA,NA,0,0,0,0,0,0,0,0,0,NA,0,0,No,NA,No,NA,Negativo
2309,2011-2012,SanAnt?n,25.5,Macho,5,Adult,11.23946214,Negativo,Negativo,Positivo,Positivo,Positivo,Positivo,Positivo,Negativo,Negativo,Positivo,Positivo,1,No,NA,NA,NA,0,0,0,0,3,0,0,1,0,NA,0,0,No,NA,No,NA,Negativo
2316,2011-2012,SantaAmalia,25,Macho,0.7,NonAdult,18.18088505,Negativo,Negativo,Positivo,Negativo,Positivo,Positivo,Positivo,Negativo,Negativo,Negativo,Positivo,1,No,NA,NA,NA,2,3,0,0,4,3,0,0,0,NA,0,0,No,NA,No,NA,Negativo
2385,2011-2012,TorricoSanPedro,6.5,Hembra,1,NonAdult,-0.708797771,Negativo,Negativo,Negativo,Positivo,Positivo,Positivo,Positivo,Negativo,Negativo,Positivo,Positivo,1,NA,NA,NA,NA,NA,NA,NA,NA,NA,NA,NA,NA,NA,NA,NA,NA,NA,NA,NA,NA,NA
1808,2011-2012,CastilloVinuelas,NA,Hembra,2.5,Adult,-2.743291163,NA,NA,NA,NA,NA,NA,Negativo,Negativo,Negativo,Negativo,Positivo,2,No,NA,NA,NA,1,2,0,4,3,0,0,0,0,9,0,0,No,NA,Si,Positivo,Positivo
2351,2011-2012,Valdecasillas,17,Hembra,3,Adult,-1.732881471,Positivo,Negativo,Negativo,Positivo,Negativo,Negativo,Positivo,Negativo,Negativo,Negativo,Positivo,2,SI,Lob,Cronica,5,2,0,4,0,0,1,0,1,0,NA,0,0,No,NA,No,NA,Negativo
2331,2011-2012,SantaAmalia,25,Hembra,2,Adult,13.23946214,Positivo,Negativo,Positivo,Positivo,Positivo,Positivo,Positivo,Negativo,Negativo,Positivo,Positivo,2,Si,Nolob,Subaguda,16,2,0,0,0,6,4,0,2,0,NA,0,5,Si,1_4,Si,Generalizada,Positivo
1755,2011-2012,MorroLesmes,32,Hembra,3,Adult,8.077404872,Positivo,Negativo,Positivo,Positivo,Positivo,Positivo,Negativo,Negativo,Negativo,Negativo,Positivo,2,Si,NoLob,Subaguda,28,0,3,0,2,1,0,0,1,0,6,0,0,No,NA,Si,Positivo,Positivo
1748,2011-2012,MorroLesmes,32,Hembra,2.5,Adult,1.667056855,NA,NA,NA,NA,NA,NA,NA,NA,NA,NA,Positivo,3,NA,NA,NA,NA,NA,NA,NA,NA,NA,NA,NA,NA,NA,NA,NA,NA,NA,NA,NA,NA,NA
2276,2011-2012,PiedraSanta,13,Hembra,2.5,Adult,-27.52949381,Positivo,Negativo,Positivo,Positivo,Negativo,Negativo,Negativo,Negativo,Negativo,Negativo,Positivo,3,No,NA,NA,NA,0,0,0,0,0,0,0,0,0,NA,0,0,No,NA,No,NA,Negativo
2310,2011-2012,Campillo,26,Macho,4,Adult,6.025664784,Negativo,Negativo,Positivo,Positivo,Positivo,Positivo,Negativo,Negativo,Negativo,Negativo,Positivo,3,No,NA,NA,NA,0,1,0,0,2,3,0,0,0,NA,0,0,No,NA,No,NA,Negativo
1774,2011-2012,Elcristo,24,Hembra,3,Adult,35.58082337,Negativo,Negativo,Positivo,Positivo,Positivo,Positivo,Positivo,Negativo,Negativo,Negativo,Positivo,3,No,NA,NA,NA,0,0,0,0,0,0,0,0,0,0,0,0,No,NA,Si,Positivo,Positivo
1765,2011-2012,LasJaras,23,Macho,1.5,NonAdult,-3.153639181,Positivo,Negativo,Negativo,Positivo,Negativo,Negativo,Negativo,Negativo,Negativo,Negativo,Positivo,4,Si,NoLob,Subaguda,1,1,0,0,0,4,3,0,3,0,7,0,0,No,NA,No,NA,Negativo
2366,2011-2012,LasJaras,23,Hembra,1.7,NonAdult,19.68430355,Negativo,Negativo,Positivo,Positivo,Negativo,Negativo,Negativo,Negativo,Negativo,Negativo,Positivo,4,No,NA,NA,NA,1,0,1,0,2,2,0,0,0,5,3,0,No,NA,No,NA,Negativo
2308,2011-2012,SanAnt?n,25.5,Macho,3,Adult,2.453259498,Negativo,Negativo,Positivo,Negativo,Positivo,Positivo,Negativo,Negativo,Negativo,Negativo,Positivo,4,Si,NoLob,Subaguda,12,1,2,0,3,3,0,0,0,1,NA,0,3,Si,3,Si,Generalizada,Positivo
2312,2011-2012,Campillo,26,Macho,2,Adult,-15.92259513,Negativo,Negativo,Positivo,Positivo,Negativo,Negativo,Negativo,Negativo,Negativo,Negativo,Positivo,5,No,NA,NA,NA,0,NA,NA,NA,NA,NA,NA,NA,NA,NA,NA,NA,NA,NA,NA,NA,NA
2354,2011-2012,Valdecasillas,17,Macho,0.35,NonAdult,-14.5708242,Positivo,Negativo,Negativo,Negativo,Negativo,Negativo,Positivo,Negativo,Negativo,Negativo,Positivo,5,Si,Lob,Subaguda,4,2,NA,NA,NA,NA,NA,NA,NA,NA,NA,NA,NA,NA,NA,No,NA,Negativo
1762,2011-2012,LasJaras,23,Hembra,3,Adult,-4.384683234,Negativo,Negativo,Positivo,Positivo,Positivo,Positivo,NA,NA,NA,NA,Positivo,5,Si,Lob,Aguda,2,0,0,0,2,0,0,0,0,0,2,0,0,No,NA,No,NA,Negativo
1764,2011-2012,LasJaras,23,Macho,4,Adult,-35.18813257,Positivo,Negativo,Positivo,Positivo,Positivo,Positivo,Negativo,Negativo,Negativo,Negativo,Positivo,5,Si,NoLob,Subaguda,12,0,0,0,0,4,0,0,0,0,4,0,0,No,NA,No,NA,Negativo
1804,2011-2012,CastilloVinuelas,NA,Macho,1.5,NonAdult,0.40151941,Negativo,Negativo,Negativo,Negativo,Negativo,Negativo,Positivo,Negativo,Negativo,Negativo,Positivo,6,No,NA,NA,NA,1,0,0,0,3,0,0,0,0,3,0,0,No,NA,Si,Positivo,Positivo
2297,2011-2012,PiedraSanta,13,Hembra,1.7,NonAdult,-5.529493806,Negativo,Negativo,Positivo,Positivo,Positivo,Positivo,Positivo,Negativo,Negativo,Positivo,Positivo,6,No,NA,NA,NA,0,3,0,0,3,0,0,0,0,NA,0,3,Si,2,No,Generalizada,Positivo
2403,2011-2012,LasJaras,23,Macho,1.9,NonAdult,-19.20537927,NA,NA,NA,NA,NA,NA,Positivo,Negativo,Negativo,Negativo,Positivo,7,No,NA,NA,NA,0,NA,NA,NA,NA,NA,NA,NA,NA,NA,NA,NA,NA,NA,NA,NA,NA
1778,2011-2012,Elcristo,24,Macho,NA,NA,NA,Negativo,Negativo,Positivo,Positivo,Positivo,Positivo,Negativo,Negativo,Negativo,Negativo,Positivo,7,Si,NoLob,Subaguda,16,2,4,3,1,6,0,0,1,3,17,0,6,Si,1_4,NA,Generalizada,Positivo
2278,2011-2012,PiedraSanta,13,Hembra,4,Adult,-5.170885877,Positivo,Negativo,Positivo,Positivo,Positivo,Positivo,Negativo,Negativo,Negativo,Negativo,Positivo,7,No,NA,NA,NA,0,0,0,0,2,0,0,0,0,NA,0,0,No,NA,No,NA,Negativo
2274,2011-2012,PiedraSanta,13,Hembra,2,Adult,-8.315696449,Negativo,Negativo,Positivo,Positivo,Positivo,Positivo,Negativo,Negativo,Negativo,Negativo,Positivo,8,No,NA,NA,NA,0,0,0,0,4,4,0,1,0,NA,0,0,No,NA,NA,NA,NA
2398,2011-2012,LasJaras,23,Hembra,4,Adult,3.418766106,Negativo,Negativo,Positivo,Positivo,Negativo,Negativo,Negativo,Negativo,Negativo,Negativo,Positivo,9,No,NA,NA,NA,0,5,0,0,2,0,0,1,0,NA,0,0,No,NA,No,NA,Negativo
1759,2011-2012,MorroLesmes,32,Macho,3,Adult,NA,Negativo,Negativo,Negativo,Positivo,Negativo,Negativo,Negativo,Negativo,Negativo,Negativo,Positivo,10,Si(Quisteh),NoLob,Subaguda,28,0,0,0,1,1,0,0,0,0,2,0,0,No,NA,NA,NA,NA
2285,2011-2012,PiedraSanta,13,Hembra,3,Adult,5.632563463,NA,NA,NA,NA,NA,NA,Negativo,Negativo,Negativo,Negativo,Positivo,15,No,NA,NA,NA,0,0,0,0,0,0,0,0,0,NA,0,0,No,NA,No,NA,NA
1758,2011-2012,MorroLesmes,32,Hembra,3,Adult,NA,Positivo,Negativo,Positivo,Positivo,Negativo,Negativo,Negativo,Negativo,Negativo,Negativo,Positivo,15,Si,Lob,Subaguda,10,1,0,2,2,2,0,0,0,0,6,0,0,No,NA,No,NA,Negativo
2384,2011-2012,TorricoSanPedro,6.5,Macho,1,NonAdult,-3.905348432,Positivo,Positivo,Positivo,Positivo,Negativo,Negativo,Positivo,Negativo,Negativo,Negativo,Positivo,15,Si,Lob,Subaguda,6,2,NA,NA,NA,NA,NA,NA,NA,NA,NA,NA,NA,NA,NA,NA,NA,NA
1779,2011-2012,Elcristo,24,Macho,3,Adult,NA,Negativo,Negativo,Positivo,Positivo,Positivo,Positivo,Negativo,Negativo,Negativo,Negativo,Positivo,15,Si,NoLob,Cronica,28,2,5,0,3,2,0,0,0,5,15,0,5,Si,4,Si,Generalizada,Positivo
1746,2011-2012,MorroLesmes,32,Hembra,2.5,Adult,-3.922595128,Negativo,Negativo,Positivo,Positivo,Positivo,Positivo,Negativo,Negativo,Negativo,Negativo,Positivo,15,Si,Lob,Subaguda,16,1,1,3,0,1,0,0,0,0,5,0,0,No,NA,No,NA,Negativo
1771,2011-2012,Elcristo,24,Hembra,2.5,Adult,12.4360128,Negativo,Negativo,Positivo,Negativo,Positivo,Positivo,Positivo,Negativo,Negativo,Negativo,Positivo,15,No,NA,NA,NA,0,1,0,0,2,0,0,1,0,3,0,0,No,NA,NA,NA,NA
1800,2011-2012,Aceitunillas,8,Hembra,2.5,Adult,-30.43642332,Negativo,Negativo,Negativo,Positivo,Positivo,Positivo,Positivo,Negativo,Negativo,Negativo,Positivo,15,Si,Lob,Cronica,6,2,1,1,2,4,2,0,0,0,10,0,0,No,NA,Si,Positivo,Positivo
2307,2011-2012,SanAnt?n,25.5,Macho,5.5,Adult,4.418766106,Positivo,Negativo,Positivo,Positivo,Positivo,Positivo,Negativo,Negativo,Negativo,Negativo,Positivo,15,No,NA,NA,NA,0,4,0,0,1,0,0,0,0,NA,0,0,No,NA,Si,Positivo,Positivo
2314,2011-2012,Campillo,26,Macho,2.5,Adult,-6.332943145,Negativo,Negativo,Negativo,Positivo,Negativo,Negativo,Negativo,Negativo,Negativo,Negativo,Positivo,25,No,NA,NA,NA,0,1,0,0,4,0,0,1,0,NA,0,0,No,NA,No,NA,Negativo
2367,2011-2012,LasJaras,23,Hembra,1.7,NonAdult,15.66705685,Negativo,Negativo,Positivo,Positivo,Negativo,Negativo,Negativo,Negativo,Negativo,Negativo,Positivo,25,No,NA,NA,NA,1,NA,NA,NA,NA,NA,NA,NA,NA,NA,NA,NA,NA,NA,NA,NA,NA
1802,2011-2012,CastilloVinuelas,NA,Hembra,NA,NA,-17.40876693,Negativo,Negativo,Negativo,Positivo,Negativo,Negativo,Negativo,Negativo,Negativo,Negativo,Positivo,25,Si,Lob,Subaguda,10,1,0,0,0,4,0,0,0,0,4,1,0,No,NA,Si,Positivo,Positivo
1777,2011-2012,Elcristo,24,Macho,0.7,NonAdult,-2.194969577,Negativo,Negativo,Negativo,Positivo,InfActiva,Positivo,Negativo,Negativo,Negativo,Negativo,Positivo,25,No,NA,NA,NA,0,0,0,2,4,3,0,0,0,9,2,0,No,NA,No,NA,Negativo
2315,2011-2012,Monfrague,NA,Hembra,3,Adult,-3.974335216,Negativo,Negativo,Positivo,Positivo,Positivo,Positivo,Negativo,Negativo,Negativo,Negativo,Positivo,25,No,NA,NA,NA,1,0,0,0,0,0,0,0,0,NA,0,0,No,NA,No,NA,Negativo
2397,2011-2012,LasJaras,23,Hembra,4,Adult,14.82911412,NA,NA,NA,NA,NA,NA,Positivo,Negativo,Negativo,Negativo,Positivo,35,No,NA,NA,NA,1,0,0,0,5,0,0,0,0,NA,3,0,No,NA,NA,NA,NA
2313,2011-2012,Campillo,26,Macho,4,Adult,-1.991581912,Negativo,Negativo,Negativo,Positivo,Negativo,Negativo,Positivo,Negativo,Negativo,Negativo,Positivo,35,No,NA,NA,NA,0,NA,NA,NA,NA,NA,NA,NA,NA,NA,NA,NA,NA,NA,NA,NA,NA
2353,2011-2012,Valdecasillas,17,Hembra,0.9,NonAdult,7.701550247,Negativo,Negativo,Negativo,Negativo,Negativo,Negativo,Positivo,Negativo,Negativo,Positivo,Positivo,35,No,NA,NA,NA,0,0,0,0,5,0,0,3,0,NA,0,0,No,NA,No,NA,Negativo
1801,2011-2012,Aceitunillas,8,Macho,0.9,NonAdult,-23.51224711,Negativo,Negativo,Negativo,Positivo,Negativo,Negativo,Negativo,Negativo,Negativo,Positivo,Positivo,35,No,NA,NA,NA,2,4,0,0,1,1,0,0,0,6,0,0,No,NA,Si,Positivo,Positivo
2390,2011-2012,TorricoSanPedro,6.5,Macho,2,Adult,-0.760537859,Negativo,Negativo,Negativo,Negativo,Positivo,Positivo,Negativo,Negativo,Negativo,Negativo,Positivo,35,No,NA,NA,NA,0,0,0,0,5,4,0,0,0,NA,1,3,Si,1,Si,Generalizada,Positivo
2386,2011-2012,TorricoSanPedro,6.5,Macho,1.5,NonAdult,11.66705685,Negativo,Negativo,Negativo,Negativo,Positivo,Positivo,Positivo,Negativo,Negativo,Positivo,Positivo,50,Si,NoLob,Subaguda,28,1,0,0,2,3,3,0,0,0,NA,0,0,No,NA,SI,Positivo,Positivo
2401,2011-2012,LasJaras,23,Macho,4,Adult,3.59807007,Negativo,Negativo,Positivo,Positivo,Negativo,Negativo,Positivo,Negativo,Negativo,Positivo,Positivo,55,No,NA,NA,NA,0,0,0,0,2,4,0,1,0,NA,0,0,No,NA,No,NA,Negativo
2402,2011-2012,LasJaras,23,Macho,3,Adult,-1.615727286,Negativo,Negativo,Positivo,Positivo,Positivo,Positivo,Negativo,Negativo,Negativo,Positivo,Positivo,55,No,NA,NA,NA,1,1,0,4,0,0,0,1,0,NA,0,0,No,NA,No,NA,Negativo
1707,2011-2012,CastilloVinuelas,NA,Macho,0.6,NonAdult,-16.21221627,NA,NA,NA,NA,NA,NA,NA,NA,NA,NA,NA,NA,No,NA,NA,NA,0,NA,NA,NA,NA,NA,NA,NA,NA,NA,NA,NA,NA,NA,NA,NA,NA
1708,2011-2012,CastilloVinuelas,NA,Macho,1.4,NonAdult,3.615316766,NA,NA,NA,NA,NA,NA,NA,NA,NA,NA,NA,NA,No,NA,NA,NA,0,NA,NA,NA,NA,NA,NA,NA,NA,NA,NA,NA,NA,NA,NA,NA,NA
1709,2011-2012,CastilloVinuelas,NA,Macho,2.5,Adult,9.273955533,NA,NA,NA,NA,NA,NA,NA,NA,NA,NA,NA,NA,No,NA,NA,NA,0,NA,NA,NA,NA,NA,NA,NA,NA,NA,NA,NA,NA,NA,NA,NA,NA
1710,2011-2012,CastilloVinuelas,NA,Hembra,2.5,Adult,1.239462141,NA,NA,NA,NA,NA,NA,NA,NA,NA,NA,NA,NA,Si,NoLob,Cronica,28,2,NA,NA,NA,NA,NA,NA,NA,NA,NA,NA,NA,NA,NA,NA,NA,NA
1711,2011-2012,CastilloVinuelas,NA,Macho,1.8,NonAdult,-9.905348432,NA,NA,NA,NA,NA,NA,NA,NA,NA,NA,NA,NA,No,NA,NA,NA,1,NA,NA,NA,NA,NA,NA,NA,NA,NA,NA,NA,NA,NA,NA,NA,NA
1720,2011-2012,Gavilanes,NA,Macho,1.5,NonAdult,-5.136392485,NA,NA,NA,NA,NA,NA,NA,NA,NA,NA,NA,NA,NA,NA,NA,NA,NA,NA,NA,NA,NA,NA,NA,NA,NA,NA,NA,NA,NA,NA,NA,NA,NA
1721,2011-2012,Gavilanes,NA,Hembra,0.6,NonAdult,-12.67430438,NA,NA,NA,NA,NA,NA,NA,NA,NA,NA,NA,NA,NA,NA,NA,NA,NA,NA,NA,NA,NA,NA,NA,NA,NA,NA,NA,NA,NA,NA,NA,NA,NA
1725,2011-2012,Gavilanes,NA,Macho,0.5,NonAdult,-4.263956361,Negativo,NA,NA,NA,NA,NA,NA,NA,NA,NA,NA,NA,NA,NA,NA,NA,NA,NA,NA,NA,NA,NA,NA,NA,NA,NA,NA,NA,NA,NA,NA,NA,NA
1736,2011-2012,Gavilanes,NA,Hembra,4,Adult,3.649810159,NA,NA,NA,NA,NA,NA,NA,NA,NA,NA,NA,NA,NA,NA,NA,NA,NA,NA,NA,NA,NA,NA,NA,NA,NA,NA,NA,NA,NA,NA,NA,NA,NA
1745,2011-2012,MorroLesmes,32,Macho,2,Adult,2.077404872,NA,NA,NA,NA,NA,NA,NA,NA,NA,NA,NA,NA,NA,NA,NA,NA,NA,NA,NA,NA,NA,NA,NA,NA,NA,NA,NA,NA,NA,NA,NA,NA,NA
1795,2011-2012,Azagala,NA,Macho,3,Adult,-5.205379269,Positivo,Negativo,Positivo,Positivo,NA,NA,NA,NA,NA,NA,NA,NA,NA,NA,NA,NA,NA,NA,NA,NA,NA,NA,NA,NA,NA,NA,NA,NA,NA,NA,NA,NA,NA
2294,2011-2012,PiedraSanta,13,Hembra,3,Adult,6.846360819,NA,NA,NA,NA,NA,NA,NA,NA,NA,NA,NA,NA,NA,NA,NA,NA,NA,NA,NA,NA,NA,NA,NA,NA,NA,NA,NA,NA,NA,NA,NA,NA,NA
2299,2011-2012,PiedraSanta,13,Macho,1.2,NonAdult,-10.67430438,NA,NA,NA,NA,NA,NA,NA,NA,NA,NA,NA,NA,NA,NA,NA,NA,NA,NA,NA,NA,NA,NA,NA,NA,NA,NA,NA,NA,NA,NA,NA,NA,NA
2300,2011-2012,PiedraSanta,13,Macho,5,Adult,-5.188132573,NA,NA,NA,NA,NA,NA,NA,NA,NA,NA,NA,NA,NA,NA,NA,NA,NA,NA,NA,NA,NA,NA,NA,NA,NA,NA,NA,NA,NA,NA,NA,NA,NA
2301,2011-2012,PiedraSanta,13,Macho,2.5,Adult,9.667056855,NA,NA,NA,NA,NA,NA,NA,NA,NA,NA,NA,NA,NA,NA,NA,NA,NA,NA,NA,NA,NA,NA,NA,NA,NA,NA,NA,NA,NA,NA,NA,NA,NA
2302,2011-2012,PiedraSanta,13,Macho,3,Adult,17.71879694,NA,NA,NA,NA,NA,NA,NA,NA,NA,NA,NA,NA,NA,NA,NA,NA,NA,NA,NA,NA,NA,NA,NA,NA,NA,NA,NA,NA,NA,NA,NA,NA,NA
2303,2011-2012,PiedraSanta,13,Macho,3,Adult,-8.350189841,NA,NA,NA,NA,NA,NA,NA,NA,NA,NA,NA,NA,NA,NA,NA,NA,NA,NA,NA,NA,NA,NA,NA,NA,NA,NA,NA,NA,NA,NA,NA,NA,NA
2304,2011-2012,PiedraSanta,13,Macho,3,Adult,-13.15363918,NA,NA,NA,NA,NA,NA,NA,NA,NA,NA,NA,NA,NA,NA,NA,NA,NA,NA,NA,NA,NA,NA,NA,NA,NA,NA,NA,NA,NA,NA,NA,NA,NA
2337,2011-2012,Valdecasillas,17,Hembra,4,Adult,23.61531677,NA,NA,NA,NA,NA,NA,NA,NA,NA,NA,NA,NA,NA,NA,NA,NA,NA,NA,NA,NA,NA,NA,NA,NA,NA,NA,NA,NA,NA,NA,NA,NA,NA
2338,2011-2012,Valdecasillas,17,Macho,1.1,NonAdult,-0.332943145,NA,NA,NA,NA,NA,NA,NA,NA,NA,NA,NA,NA,NA,NA,NA,NA,NA,NA,NA,NA,NA,NA,NA,NA,NA,NA,NA,NA,NA,NA,NA,NA,NA
2339,2011-2012,Valdecasillas,17,Macho,1,NonAdult,-4.315696449,NA,NA,NA,NA,NA,NA,NA,NA,NA,NA,NA,NA,NA,NA,NA,NA,NA,NA,NA,NA,NA,NA,NA,NA,NA,NA,NA,NA,NA,NA,NA,NA,NA
2340,2011-2012,Valdecasillas,17,Macho,0.9,NonAdult,-4.691551075,NA,NA,NA,NA,NA,NA,NA,NA,NA,NA,NA,NA,NA,NA,NA,NA,NA,NA,NA,NA,NA,NA,NA,NA,NA,NA,NA,NA,NA,NA,NA,NA,NA
2341,2011-2012,Valdecasillas,17,Hembra,1.2,NonAdult,0.863607515,NA,NA,NA,NA,NA,NA,NA,NA,NA,NA,NA,NA,NA,NA,NA,NA,NA,NA,NA,NA,NA,NA,NA,NA,NA,NA,NA,NA,NA,NA,NA,NA,NA
2342,2011-2012,Valdecasillas,17,Hembra,3,Adult,6.829114123,NA,NA,NA,NA,NA,NA,NA,NA,NA,NA,NA,NA,NA,NA,NA,NA,NA,NA,NA,NA,NA,NA,NA,NA,NA,NA,NA,NA,NA,NA,NA,NA,NA
2343,2011-2012,Valdecasillas,17,Hembra,1.8,NonAdult,10.4532595,NA,NA,NA,NA,NA,NA,NA,NA,NA,NA,NA,NA,NA,NA,NA,NA,NA,NA,NA,NA,NA,NA,NA,NA,NA,NA,NA,NA,NA,NA,NA,NA,NA
2344,2011-2012,Valdecasillas,17,Macho,6,Adult,NA,NA,NA,NA,NA,NA,NA,NA,NA,NA,NA,NA,NA,NA,NA,NA,NA,NA,NA,NA,NA,NA,NA,NA,NA,NA,NA,NA,NA,NA,NA,NA,NA,NA
2345,2011-2012,Valdecasillas,17,Hembra,1,NonAdult,7.325695621,NA,NA,NA,NA,NA,NA,NA,NA,NA,NA,NA,NA,NA,NA,NA,NA,NA,NA,NA,NA,NA,NA,NA,NA,NA,NA,NA,NA,NA,NA,NA,NA,NA
2346,2011-2012,Valdecasillas,17,Macho,1.3,NonAdult,-3.905348432,NA,NA,NA,NA,NA,NA,NA,NA,NA,NA,NA,NA,NA,NA,NA,NA,NA,NA,NA,NA,NA,NA,NA,NA,NA,NA,NA,NA,NA,NA,NA,NA,NA
2347,2011-2012,Valdecasillas,17,Macho,1,NonAdult,-3.546740502,NA,NA,NA,NA,NA,NA,NA,NA,NA,NA,NA,NA,NA,NA,NA,NA,NA,NA,NA,NA,NA,NA,NA,NA,NA,NA,NA,NA,NA,NA,NA,NA,NA
2348,2011-2012,Valdecasillas,17,Hembra,0.8,NonAdult,4.9325943,NA,NA,NA,NA,NA,NA,NA,NA,NA,NA,NA,NA,NA,NA,NA,NA,NA,NA,NA,NA,NA,NA,NA,NA,NA,NA,NA,NA,NA,NA,NA,NA,NA
2349,2011-2012,Valdecasillas,17,Macho,0.35,NonAdult,-2.963925524,NA,NA,NA,NA,NA,NA,NA,NA,NA,NA,NA,NA,NA,NA,NA,NA,NA,NA,NA,NA,NA,NA,NA,NA,NA,NA,NA,NA,NA,NA,NA,NA,NA
2350,2011-2012,Valdecasillas,17,Hembra,5,Adult,0.608479762,NA,NA,NA,NA,NA,NA,NA,NA,NA,NA,NA,NA,NA,NA,NA,NA,NA,NA,NA,NA,NA,NA,NA,NA,NA,NA,NA,NA,NA,NA,NA,NA,NA
2352,2011-2012,Valdecasillas,17,Hembra,0.85,NonAdult,-2.298449753,NA,NA,NA,NA,NA,NA,NA,NA,NA,NA,NA,NA,NA,NA,NA,NA,NA,NA,NA,NA,NA,NA,NA,NA,NA,NA,NA,NA,NA,NA,NA,NA,NA
2355,2011-2012,Valdecasillas,17,Hembra,0.9,NonAdult,7.701550247,NA,NA,NA,NA,NA,NA,NA,NA,NA,NA,NA,NA,NA,NA,NA,NA,NA,NA,NA,NA,NA,NA,NA,NA,NA,NA,NA,NA,NA,NA,NA,NA,NA
2357,2011-2012,Valdecasillas,17,Hembra,0.9,NonAdult,3.718796943,NA,NA,NA,NA,NA,NA,NA,NA,NA,NA,NA,NA,NA,NA,NA,NA,NA,NA,NA,NA,NA,NA,NA,NA,NA,NA,NA,NA,NA,NA,NA,NA,NA
2372,2011-2012,LasJaras,23,Hembra,2.9,Adult,11.66705685,NA,NA,NA,NA,NA,NA,NA,NA,NA,NA,NA,NA,NA,NA,NA,NA,NA,NA,NA,NA,NA,NA,NA,NA,NA,NA,NA,NA,NA,NA,NA,NA,NA
2394,2011-2012,LasJaras,23,Hembra,4,Adult,-3.563987198,NA,NA,NA,NA,NA,NA,NA,NA,NA,NA,NA,NA,NA,NA,NA,NA,NA,NA,NA,NA,NA,NA,NA,NA,NA,NA,NA,NA,NA,NA,NA,NA,NA
2396,2011-2012,LasJaras,23,Macho,1,NonAdult,-11.47775372,NA,NA,NA,NA,NA,NA,NA,NA,NA,NA,NA,NA,NA,NA,NA,NA,NA,NA,NA,NA,NA,NA,NA,NA,NA,NA,NA,NA,NA,NA,NA,NA,NA
2399,2011-2012,LasJaras,23,Hembra,4,Adult,10.64981016,NA,NA,NA,NA,NA,NA,NA,NA,NA,NA,NA,NA,NA,NA,NA,NA,NA,NA,NA,NA,NA,NA,NA,NA,NA,NA,NA,NA,NA,NA,NA,NA,NA
2405,2011-2012,LasJaras,23,NA,NA,NA,NA,NA,NA,NA,NA,NA,NA,NA,NA,NA,NA,NA,NA,NA,NA,NA,NA,NA,NA,NA,NA,NA,NA,NA,NA,NA,NA,NA,NA,NA,NA,NA,NA,NA
2415,2011-2012,DehesaCaballeros,NA,Hembra,1.9,NonAdult,9.239462141,NA,NA,NA,NA,NA,NA,NA,NA,NA,NA,NA,NA,NA,NA,NA,NA,NA,NA,NA,NA,NA,NA,NA,NA,NA,NA,NA,NA,NA,NA,NA,NA,NA
1722,2011-2012,Gavilanes,NA,NA,NA,NA,NA,Negativo,NA,NA,NA,Negativo,Negativo,NA,NA,NA,NA,NA,NA,NA,NA,NA,NA,NA,NA,NA,NA,NA,NA,NA,NA,NA,NA,NA,NA,NA,NA,NA,NA,NA
1728,2011-2012,Gavilanes,NA,Macho,1.9,NonAdult,-5.581233894,Positivo,NA,NA,NA,Negativo,Negativo,NA,NA,NA,NA,NA,NA,NA,NA,NA,NA,NA,NA,NA,NA,NA,NA,NA,NA,NA,NA,NA,NA,NA,NA,NA,NA,NA
1729,2011-2012,Gavilanes,NA,Hembra,3,Adult,0.384272714,Negativo,NA,NA,NA,Negativo,Negativo,NA,NA,NA,NA,NA,NA,NA,NA,NA,NA,NA,NA,NA,NA,NA,NA,NA,NA,NA,NA,NA,NA,NA,NA,NA,NA,NA
1731,2011-2012,Gavilanes,NA,Macho,2,Adult,9.649810159,Negativo,NA,NA,NA,Negativo,Negativo,NA,NA,NA,NA,NA,NA,NA,NA,NA,NA,NA,NA,NA,NA,NA,NA,NA,NA,NA,NA,NA,NA,NA,NA,NA,NA,NA
1735,2011-2012,Gavilanes,NA,Macho,1.3,NonAdult,-1.95708852,Positivo,NA,NA,NA,Negativo,Negativo,NA,NA,NA,NA,NA,NA,NA,NA,NA,NA,NA,NA,NA,NA,NA,NA,NA,NA,NA,NA,NA,NA,NA,NA,NA,NA,NA
1738,2011-2012,MorroLesmes,32,Hembra,2.5,Adult,1.291202229,Negativo,NA,NA,NA,Negativo,Negativo,NA,NA,NA,NA,NA,NA,NA,NA,NA,NA,NA,NA,NA,NA,NA,NA,NA,NA,NA,NA,NA,NA,NA,NA,NA,NA,NA
1742,2011-2012,MorroLesmes,32,Hembra,1.5,NonAdult,17.30844893,Negativo,Negativo,Positivo,Positivo,Negativo,Negativo,NA,NA,NA,NA,NA,NA,NA,NA,NA,NA,NA,NA,NA,NA,NA,NA,NA,NA,NA,NA,NA,NA,NA,NA,NA,NA,NA
1743,2011-2012,MorroLesmes,32,Macho,1.5,NonAdult,0.111898264,Negativo,Negativo,Positivo,Positivo,Negativo,Negativo,NA,NA,NA,NA,NA,NA,NA,NA,NA,NA,NA,NA,NA,NA,NA,NA,NA,NA,NA,NA,NA,NA,NA,NA,NA,NA,NA
1747,2011-2012,MorroLesmes,32,Hembra,2,Adult,6.880854211,Negativo,Negativo,Positivo,Positivo,Negativo,Negativo,NA,NA,NA,NA,NA,NA,NA,NA,NA,NA,NA,0,0,0,1,0,0,0,0,1,0,0,No,NA,No,NA,Negativo
1749,2011-2012,MorroLesmes,32,Hembra,1.7,NonAdult,5.308448925,Negativo,Negativo,Negativo,Positivo,Negativo,Negativo,NA,NA,NA,NA,NA,NA,NA,NA,NA,NA,NA,NA,NA,NA,NA,NA,NA,NA,NA,NA,NA,NA,NA,NA,NA,NA,NA
1752,2011-2012,MorroLesmes,32,Hembra,2.5,Adult,24.88085421,Negativo,Negativo,Positivo,Positivo,Negativo,Negativo,NA,NA,NA,NA,NA,NA,NA,NA,NA,NA,NA,NA,NA,NA,NA,NA,NA,NA,NA,NA,NA,NA,NA,NA,NA,NA,NA
1754,2011-2012,MorroLesmes,32,Hembra,2.5,Adult,6.863607515,Negativo,Negativo,Positivo,Positivo,Negativo,Negativo,NA,NA,NA,NA,NA,NA,NA,NA,NA,NA,NA,NA,NA,NA,NA,NA,NA,NA,NA,NA,NA,NA,NA,NA,NA,NA,NA
1756,2011-2012,MorroLesmes,32,Macho,1,NonAdult,-1.0674057,Positivo,Negativo,Positivo,Positivo,Negativo,Negativo,NA,NA,NA,NA,NA,NA,NA,NA,NA,NA,NA,NA,NA,NA,NA,NA,NA,NA,NA,NA,NA,NA,NA,NA,NA,NA,NA
1790,2011-2012,Azagala,NA,Hembra,3,Adult,7.684303551,Negativo,Negativo,Negativo,Positivo,Negativo,Negativo,NA,NA,NA,NA,NA,NA,NA,NA,NA,NA,NA,NA,NA,NA,NA,NA,NA,NA,NA,NA,NA,NA,NA,NA,NA,NA,NA
1794,2011-2012,Azagala,NA,Macho,3,Adult,-1.153639181,Negativo,Negativo,Negativo,Positivo,Negativo,Negativo,NA,NA,NA,NA,NA,NA,NA,NA,NA,NA,NA,NA,NA,NA,NA,NA,NA,NA,NA,NA,NA,NA,NA,NA,NA,NA,NA
1805,2011-2012,CastilloVinuelas,NA,Macho,2,Adult,2.40151941,Negativo,NA,NA,NA,Negativo,Negativo,NA,NA,NA,NA,NA,NA,NA,NA,NA,NA,NA,NA,NA,NA,NA,NA,NA,NA,NA,NA,NA,NA,NA,NA,NA,NA,NA
2279,2011-2012,PiedraSanta,13,Macho,4,Adult,-2.708797771,Negativo,Negativo,Negativo,Negativo,Negativo,Negativo,NA,NA,NA,NA,NA,NA,NA,NA,NA,NA,NA,NA,NA,NA,NA,NA,NA,NA,NA,NA,NA,NA,NA,NA,NA,NA,NA
2284,2011-2012,PiedraSanta,13,Macho,5,Adult,-2.726044467,Negativo,Negativo,Positivo,Negativo,Negativo,Negativo,NA,NA,NA,NA,NA,NA,NA,NA,NA,NA,NA,NA,NA,NA,NA,NA,NA,NA,NA,NA,NA,NA,NA,NA,NA,NA,NA
2291,2011-2012,PiedraSanta,13,Hembra,5,Adult,-4.367436537,Negativo,Negativo,Positivo,Positivo,Negativo,Negativo,NA,NA,NA,NA,NA,NA,NA,NA,NA,NA,NA,NA,NA,NA,NA,NA,NA,NA,NA,NA,NA,NA,NA,NA,NA,NA,NA
2295,2011-2012,PiedraSanta,13,Hembra,1.8,NonAdult,-0.281203057,Negativo,NA,NA,NA,Negativo,Negativo,NA,NA,NA,NA,NA,NA,NA,NA,NA,NA,NA,NA,NA,NA,NA,NA,NA,NA,NA,NA,NA,NA,NA,NA,NA,NA,NA
2320,2011-2012,SantaAmalia,25,Macho,1,NonAdult,-14.33294315,Negativo,Negativo,Negativo,Positivo,Negativo,Negativo,NA,NA,NA,NA,NA,NA,NA,NA,NA,NA,NA,NA,NA,NA,NA,NA,NA,NA,NA,NA,NA,NA,NA,NA,NA,NA,NA
2321,2011-2012,SantaAmalia,25,Hembra,3.5,Adult,10.81186743,Negativo,Negativo,Positivo,Positivo,Negativo,Negativo,NA,NA,NA,NA,NA,NA,NA,NA,NA,NA,NA,NA,NA,NA,NA,NA,NA,NA,NA,NA,NA,NA,NA,NA,NA,NA,NA
2322,2011-2012,SantaAmalia,25,Hembra,5,Adult,17.18772205,Negativo,Negativo,Positivo,Positivo,Negativo,Negativo,NA,NA,NA,NA,NA,NA,NA,NA,NA,NA,NA,NA,NA,NA,NA,NA,NA,NA,NA,NA,NA,NA,NA,NA,NA,NA,NA
2327,2011-2012,SantaAmalia,25,Macho,1.5,NonAdult,7.273955533,Positivo,Negativo,Negativo,Positivo,Negativo,Negativo,NA,NA,NA,NA,NA,NA,NA,NA,NA,NA,NA,NA,NA,NA,NA,NA,NA,NA,NA,NA,NA,NA,NA,NA,NA,NA,NA
2335,2011-2012,SantaAmalia,25,Macho,4,Adult,-18.38468323,Positivo,NA,NA,NA,Negativo,Negativo,NA,NA,NA,NA,NA,NA,NA,NA,NA,NA,NA,NA,NA,NA,NA,NA,NA,NA,NA,NA,NA,NA,NA,NA,NA,NA,NA
2358,2011-2012,Campanero,NA,Macho,3,Adult,-3.59848059,Negativo,Negativo,Negativo,Positivo,Negativo,Negativo,NA,NA,NA,NA,NA,NA,NA,NA,NA,NA,NA,0,0,4,4,0,0,0,0,8,0,0,No,NA,Si,NA,NA
2361,2011-2012,Campanero,NA,Hembra,4,Adult,8.418766106,Positivo,Negativo,Positivo,Positivo,Negativo,Negativo,NA,NA,NA,NA,NA,NA,NA,NA,NA,NA,NA,0,0,0,5,0,0,3,0,5,0,0,No,NA,No,NA,Negativo
2368,2011-2012,LasJaras,23,Hembra,4,Adult,5.632563463,Negativo,Negativo,Positivo,Positivo,Negativo,Negativo,NA,NA,NA,NA,NA,NA,NA,NA,NA,NA,NA,NA,NA,NA,NA,NA,NA,NA,NA,NA,NA,NA,NA,NA,NA,NA,NA
2369,2011-2012,LasJaras,23,Hembra,4,Adult,-17.17088588,Positivo,Negativo,Positivo,Positivo,Negativo,Negativo,NA,NA,NA,NA,NA,NA,NA,NA,NA,NA,NA,NA,NA,NA,NA,NA,NA,NA,NA,NA,NA,NA,NA,NA,NA,NA,NA
2370,2011-2012,LasJaras,23,Hembra,4,Adult,8.04291148,Negativo,Negativo,Positivo,Positivo,Negativo,Negativo,NA,NA,NA,NA,NA,NA,NA,NA,NA,NA,NA,NA,NA,NA,NA,NA,NA,NA,NA,NA,NA,NA,NA,NA,NA,NA,NA
2373,2011-2012,LasJaras,23,Hembra,4,Adult,-36.38468323,Negativo,Negativo,Positivo,Positivo,Negativo,Negativo,NA,NA,NA,NA,NA,NA,NA,NA,NA,NA,NA,NA,NA,NA,NA,NA,NA,NA,NA,NA,NA,NA,NA,NA,NA,NA,NA
2380,2011-2012,LasJaras,23,Hembra,2.5,Adult,0.898100908,Negativo,Negativo,Positivo,Positivo,Negativo,Negativo,NA,NA,NA,NA,NA,NA,NA,NA,NA,NA,NA,NA,NA,NA,NA,NA,NA,NA,NA,NA,NA,NA,NA,NA,NA,NA,NA
2391,2011-2012,TorricoSanPedro,6.5,Hembra,0.65,NonAdult,-11.46050702,Negativo,Negativo,Negativo,Positivo,Negativo,Negativo,NA,NA,NA,NA,NA,NA,NA,NA,NA,NA,NA,NA,NA,NA,NA,NA,NA,NA,NA,NA,NA,NA,NA,NA,NA,NA,NA
2406,2011-2012,LasCa?adas,NA,Hembra,1.7,NonAdult,-1.136392485,Negativo,Negativo,Negativo,Negativo,Negativo,Negativo,Negativo,Negativo,Negativo,Negativo,NA,NA,NA,NA,NA,NA,NA,NA,NA,NA,NA,NA,NA,NA,NA,NA,NA,NA,NA,NA,NA,NA,NA
2407,2011-2012,LasCa?adas,NA,Hembra,1.9,NonAdult,21.27395553,Negativo,Negativo,Positivo,Positivo,Negativo,Negativo,Negativo,Negativo,Negativo,Negativo,NA,NA,NA,NA,NA,NA,NA,NA,NA,NA,NA,NA,NA,NA,NA,NA,NA,NA,NA,NA,NA,NA,NA
2409,2011-2012,LasCa?adas,NA,Hembra,2.5,Adult,3.649810159,Negativo,Negativo,Negativo,Positivo,Negativo,Negativo,NA,NA,NA,NA,NA,NA,NA,NA,NA,NA,NA,NA,NA,NA,NA,NA,NA,NA,NA,NA,NA,NA,NA,NA,NA,NA,NA
2410,2011-2012,LasCa?adas,NA,Hembra,1.8,NonAdult,10.47050619,Positivo,Negativo,Negativo,Positivo,Negativo,Negativo,NA,NA,NA,NA,NA,NA,NA,NA,NA,NA,NA,NA,NA,NA,NA,NA,NA,NA,NA,NA,NA,NA,NA,NA,NA,NA,NA
1703,2011-2012,NavaelSach,25,Hembra,1.7,NonAdult,14.47050619,Negativo,Negativo,Negativo,Positivo,Negativo,Negativo,Negativo,Negativo,Negativo,Negativo,NA,NA,Si,NoLob,Aguda,28,2,NA,NA,NA,NA,NA,NA,NA,NA,NA,NA,NA,NA,NA,Si,Positivo,Positivo
1705,2011-2012,NavaelSach,25,Macho,3,Adult,-18.81227795,Negativo,Negativo,Negativo,Positivo,Negativo,Negativo,Negativo,Negativo,Negativo,Negativo,NA,NA,Si,Lob,Subaguda,16,2,NA,NA,NA,NA,NA,NA,NA,NA,NA,NA,NA,NA,NA,Si,Positivo,Positivo
1706,2011-2012,NavaelSach,25,Macho,5,Adult,10.36702602,Negativo,Negativo,Positivo,Positivo,Negativo,Negativo,Negativo,Negativo,Negativo,Negativo,NA,NA,NA,NA,NA,NA,NA,NA,NA,NA,NA,NA,NA,NA,NA,NA,NA,NA,NA,NA,Si,Positivo,Positivo
1803,2011-2012,CastilloVinuelas,NA,Hembra,3,Adult,-0.384683234,Positivo,Negativo,Negativo,Negativo,Negativo,Negativo,Negativo,Negativo,Negativo,Negativo,NA,NA,No,NA,NA,NA,1,4,0,0,0,0,0,0,0,4,0,0,No,NA,Si,Positivo,Positivo
1806,2011-2012,CastilloVinuelas,NA,Macho,2.5,Adult,-13.97433522,Negativo,Negativo,Negativo,Negativo,Negativo,Negativo,Negativo,Negativo,Negativo,Negativo,NA,NA,No,NA,NA,NA,1,4,0,2,2,2,0,0,0,10,0,0,No,NA,Si,Positivo,Positivo
1698,2011-2012,NavaelSach,25,Hembra,1.5,NonAdult,5.718796943,Positivo,Negativo,Positivo,Positivo,Positivo,Positivo,Positivo,Negativo,Negativo,Negativo,NA,NA,No,NA,NA,NA,2,1,0,4,0,0,0,0,0,5,0,6,Si,NA,Si,Generalizada,Positivo
1699,2011-2012,NavaelSach,25,Hembra,3,Adult,-1.101899092,Negativo,Negativo,Positivo,Positivo,Positivo,Positivo,Negativo,Negativo,Negativo,Negativo,NA,NA,Si,NoLob,Cronica,28,2,2,0,2,0,0,0,1,0,4,0,6,Si,3_4,Si,Generalizada,Positivo
1713,2011-2012,Aceitunillas,8,Hembra,3,Adult,-5.563987198,Positivo,Negativo,Positivo,Positivo,Positivo,Positivo,Negativo,Negativo,Negativo,Negativo,NA,NA,NA,NA,NA,NA,NA,1,0,0,0,0,0,3,0,1,0,1,Si,1,Si,Generalizada,Positivo
1715,2011-2012,Aceitunillas,8,Macho,0.9,NonAdult,-23.050159,Positivo,Negativo,Positivo,Positivo,Positivo,Positivo,Negativo,Negativo,Negativo,Negativo,NA,NA,NA,NA,NA,NA,NA,4,0,1,1,0,0,0,0,6,4,4,Si,1_3,Si,Generalizada,Positivo
2404,2011-2012,LasJaras,23,Macho,NA,NA,NA,Negativo,Negativo,Positivo,Negativo,Positivo,Positivo,NA,NA,NA,NA,NA,NA,NA,NA,NA,NA,NA,0,3,0,4,1,0,0,0,NA,0,3,Si,1_4,No,Generalizada,Positivo
1696,2011-2012,NavaelSach,25,Hembra,1.5,NonAdult,-17.050159,Positivo,Negativo,Positivo,Positivo,Positivo,Positivo,Positivo,Negativo,Positivo,Negativo,NA,NA,No,NA,NA,NA,1,4,4,4,6,6,0,0,0,24,0,0,No,NA,NA,NA,NA
1697,2011-2012,NavaelSach,25,Macho,2.5,Adult,-23.52949381,Negativo,Negativo,Negativo,Positivo,Positivo,Positivo,NA,NA,NA,NA,NA,NA,NA,NA,NA,NA,NA,NA,NA,NA,NA,NA,NA,NA,NA,NA,NA,NA,NA,NA,NA,NA,NA
1712,2011-2012,Aceitunillas,8,Macho,2.5,Adult,-15.18813257,Negativo,Negativo,Negativo,Positivo,Positivo,Positivo,Negativo,Negativo,Positivo,Positivo,NA,NA,No,NA,NA,NA,0,0,0,6,1,0,0,0,0,7,0,0,No,NA,No,NA,Negativo
1718,2011-2012,Gavilanes,NA,Hembra,4,Adult,3.649810159,Negativo,NA,NA,NA,Positivo,Positivo,NA,NA,NA,NA,NA,NA,NA,NA,NA,NA,NA,NA,NA,NA,NA,NA,NA,NA,NA,NA,NA,NA,NA,NA,NA,NA,NA
1719,2011-2012,Gavilanes,NA,Hembra,3,Adult,2.898100908,Negativo,NA,NA,NA,Positivo,Positivo,NA,NA,NA,NA,NA,NA,NA,NA,NA,NA,NA,NA,NA,NA,NA,NA,NA,NA,NA,NA,NA,NA,NA,NA,NA,NA,NA
1723,2011-2012,Gavilanes,NA,Hembra,1.5,NonAdult,-0.315696449,Positivo,NA,NA,NA,Positivo,Positivo,NA,NA,NA,NA,NA,NA,NA,NA,NA,NA,NA,NA,NA,NA,NA,NA,NA,NA,NA,NA,NA,NA,NA,NA,NA,NA,NA
1724,2011-2012,Gavilanes,NA,Macho,0.5,NonAdult,-31.85360834,Positivo,NA,NA,NA,Positivo,Positivo,NA,NA,NA,NA,NA,NA,NA,NA,NA,NA,NA,NA,NA,NA,NA,NA,NA,NA,NA,NA,NA,NA,NA,NA,NA,NA,NA
1726,2011-2012,Gavilanes,NA,Macho,1.8,NonAdult,-13.11914579,Positivo,NA,NA,NA,Positivo,Positivo,NA,NA,NA,NA,NA,NA,NA,NA,NA,NA,NA,NA,NA,NA,NA,NA,NA,NA,NA,NA,NA,NA,NA,NA,NA,NA,NA
1727,2011-2012,Gavilanes,NA,Hembra,3,Adult,-0.384683234,Positivo,NA,NA,NA,Positivo,Positivo,NA,NA,NA,NA,NA,NA,NA,NA,NA,NA,NA,NA,NA,NA,NA,NA,NA,NA,NA,NA,NA,NA,NA,NA,NA,NA,NA
1730,2011-2012,Gavilanes,NA,Macho,2,Adult,11.63256346,Positivo,NA,NA,NA,Positivo,Positivo,NA,NA,NA,NA,NA,NA,NA,NA,NA,NA,NA,NA,NA,NA,NA,NA,NA,NA,NA,NA,NA,NA,NA,NA,NA,NA,NA
1732,2011-2012,Gavilanes,NA,Macho,2,Adult,0.40151941,Positivo,NA,NA,NA,Positivo,Positivo,NA,NA,NA,NA,NA,NA,NA,NA,NA,NA,NA,NA,NA,NA,NA,NA,NA,NA,NA,NA,NA,NA,NA,NA,NA,NA,NA
1733,2011-2012,Gavilanes,NA,Hembra,1.9,NonAdult,-4.350189841,Positivo,NA,NA,NA,Positivo,Positivo,NA,NA,NA,NA,NA,NA,NA,NA,NA,NA,NA,NA,NA,NA,NA,NA,NA,NA,NA,NA,NA,NA,NA,NA,NA,NA,NA
1734,2011-2012,Gavilanes,NA,Macho,1.4,NonAdult,-8.760537859,Positivo,NA,NA,NA,Positivo,Positivo,NA,NA,NA,NA,NA,NA,NA,NA,NA,NA,NA,NA,NA,NA,NA,NA,NA,NA,NA,NA,NA,NA,NA,NA,NA,NA,NA
1737,2011-2012,MorroLesmes,32,Hembra,3,Adult,4.522246282,Negativo,NA,NA,NA,Positivo,Positivo,NA,NA,NA,NA,NA,NA,NA,NA,NA,NA,NA,NA,NA,NA,NA,NA,NA,NA,NA,NA,NA,NA,NA,NA,NA,NA,NA
1739,2011-2012,MorroLesmes,32,Hembra,3,Adult,8.470506194,Positivo,NA,NA,NA,Positivo,Positivo,NA,NA,NA,NA,NA,NA,NA,NA,NA,NA,NA,NA,NA,NA,NA,NA,NA,NA,NA,NA,NA,NA,NA,NA,NA,NA,NA
1741,2011-2012,MorroLesmes,32,Hembra,3,Adult,18.07740487,Negativo,NA,NA,NA,Positivo,Positivo,NA,NA,NA,NA,NA,NA,NA,NA,NA,NA,NA,NA,NA,NA,NA,NA,NA,NA,NA,NA,NA,NA,NA,NA,NA,NA,NA
1744,2011-2012,MorroLesmes,32,Hembra,3,Adult,2.077404872,Negativo,Negativo,Positivo,Positivo,Positivo,Positivo,NA,NA,NA,NA,NA,NA,NA,NA,NA,NA,NA,NA,NA,NA,NA,NA,NA,NA,NA,NA,NA,NA,NA,NA,NA,NA,NA
1750,2011-2012,MorroLesmes,32,Hembra,3,Adult,5.273955533,Positivo,Negativo,Positivo,Positivo,Positivo,Positivo,NA,NA,NA,NA,NA,NA,NA,NA,NA,NA,NA,NA,NA,NA,NA,NA,NA,NA,NA,NA,NA,NA,NA,NA,NA,NA,NA
1751,2011-2012,MorroLesmes,32,Macho,3,Adult,-8.315696449,Negativo,Negativo,Positivo,Positivo,Positivo,Positivo,NA,NA,NA,NA,NA,NA,NA,NA,NA,NA,NA,NA,NA,NA,NA,NA,NA,NA,NA,NA,NA,NA,NA,NA,NA,NA,NA
1753,2011-2012,MorroLesmes,32,Hembra,3,Adult,21.66705685,Negativo,Negativo,Positivo,Positivo,Positivo,Positivo,NA,NA,NA,NA,NA,NA,NA,NA,NA,NA,NA,NA,NA,NA,NA,NA,NA,NA,NA,NA,NA,NA,NA,NA,NA,NA,NA
1761,2011-2012,LasJaras,23,Hembra,3,Adult,-11.59848059,Negativo,Negativo,Negativo,Positivo,InfReciente,Positivo,NA,NA,NA,NA,NA,NA,No,NA,NA,NA,0,0,0,0,5,0,0,0,0,5,0,0,No,NA,NA,NA,NA
1763,2011-2012,LasJaras,23,Macho,4,Adult,-38.41917663,Positivo,Negativo,Positivo,Positivo,Positivo,Positivo,NA,NA,NA,NA,NA,NA,NA,NA,NA,NA,NA,NA,NA,NA,NA,NA,NA,NA,NA,NA,NA,NA,NA,NA,NA,NA,NA
1766,2011-2012,LasJaras,23,Macho,5,Adult,-7.991581912,Positivo,Negativo,Positivo,Positivo,Positivo,Positivo,Negativo,Negativo,Negativo,Negativo,NA,NA,NA,NA,NA,NA,NA,NA,NA,NA,NA,NA,NA,NA,NA,NA,NA,NA,NA,NA,NA,NA,NA
1767,2011-2012,LasJaras,23,Macho,5,Adult,-16.00882861,Negativo,Negativo,Positivo,Positivo,Positivo,Positivo,NA,NA,NA,NA,NA,NA,NA,NA,NA,NA,NA,NA,NA,NA,NA,NA,NA,NA,NA,NA,NA,NA,NA,NA,NA,NA,NA
1781,2011-2012,Azagala,NA,Hembra,2,Adult,3.615316766,Negativo,Negativo,Positivo,Positivo,Positivo,Positivo,NA,NA,NA,NA,NA,NA,NA,NA,NA,NA,NA,NA,NA,NA,NA,NA,NA,NA,NA,NA,NA,NA,NA,NA,NA,NA,NA
1782,2011-2012,Azagala,NA,Macho,2,Adult,18.86360752,Negativo,NA,NA,NA,Positivo,Positivo,NA,NA,NA,NA,NA,NA,NA,NA,NA,NA,NA,NA,NA,NA,NA,NA,NA,NA,NA,NA,NA,NA,NA,NA,NA,NA,NA
1783,2011-2012,Azagala,NA,Hembra,3,Adult,13.66705685,Negativo,Negativo,Negativo,Positivo,Positivo,Positivo,NA,NA,NA,NA,NA,NA,NA,NA,NA,NA,NA,NA,NA,NA,NA,NA,NA,NA,NA,NA,NA,NA,NA,NA,NA,NA,NA
1784,2011-2012,Azagala,NA,Hembra,1,NonAdult,5.701550247,Negativo,Negativo,Positivo,Positivo,Positivo,Positivo,NA,NA,NA,NA,NA,NA,No,NA,NA,NA,1,0,0,6,2,0,0,1,0,8,0,0,No,NA,No,NA,Negativo
1786,2011-2012,Azagala,NA,Hembra,3,Adult,12.09465157,Negativo,Negativo,Positivo,Positivo,Positivo,Positivo,NA,NA,NA,NA,NA,NA,NA,NA,NA,NA,NA,NA,NA,NA,NA,NA,NA,NA,NA,NA,NA,NA,NA,NA,NA,NA,NA
1787,2011-2012,Azagala,NA,Hembra,1.8,NonAdult,12.86360752,Negativo,Negativo,Positivo,Positivo,Positivo,Positivo,NA,NA,NA,NA,NA,NA,NA,NA,NA,NA,NA,NA,NA,NA,NA,NA,NA,NA,NA,NA,NA,NA,NA,NA,NA,NA,NA
1788,2011-2012,Azagala,NA,Hembra,3,Adult,3.256708837,Negativo,Negativo,Positivo,Positivo,Positivo,Positivo,NA,NA,NA,NA,NA,NA,NA,NA,NA,NA,NA,NA,NA,NA,NA,NA,NA,NA,NA,NA,NA,NA,NA,NA,NA,NA,NA
1789,2011-2012,Azagala,NA,Macho,3,Adult,-1.581233894,Negativo,Negativo,Positivo,Positivo,Positivo,Positivo,NA,NA,NA,NA,NA,NA,NA,NA,NA,NA,NA,NA,NA,NA,NA,NA,NA,NA,NA,NA,NA,NA,NA,NA,NA,NA,NA
1791,2011-2012,Azagala,NA,Hembra,3,Adult,15.27395553,Positivo,NA,NA,NA,Positivo,Positivo,NA,NA,NA,NA,NA,NA,NA,NA,NA,NA,NA,NA,NA,NA,NA,NA,NA,NA,NA,NA,NA,NA,NA,NA,NA,NA,NA
1792,2011-2012,Azagala,NA,Macho,3,Adult,1.256708837,Negativo,NA,NA,NA,Positivo,Positivo,NA,NA,NA,NA,NA,NA,NA,NA,NA,NA,NA,NA,NA,NA,NA,NA,NA,NA,NA,NA,NA,NA,NA,NA,NA,NA,NA
1796,2011-2012,Azagala,NA,Macho,3,Adult,-2.436423322,Negativo,Negativo,Positivo,Positivo,Positivo,Positivo,NA,NA,NA,NA,NA,NA,NA,NA,NA,NA,NA,NA,NA,NA,NA,NA,NA,NA,NA,NA,NA,NA,NA,NA,NA,NA,NA
2268,2011-2012,PiedraSanta,13,Hembra,3,Adult,-15.36743654,Negativo,Negativo,Positivo,Positivo,Positivo,Positivo,NA,NA,NA,NA,NA,NA,NA,NA,NA,NA,NA,NA,NA,NA,NA,NA,NA,NA,NA,NA,NA,NA,NA,NA,NA,NA,NA
2269,2011-2012,PiedraSanta,13,Hembra,1.5,NonAdult,3.770537031,Negativo,Negativo,Positivo,Negativo,Positivo,Positivo,NA,NA,NA,NA,NA,NA,NA,NA,NA,NA,NA,NA,NA,NA,NA,NA,NA,NA,NA,NA,NA,NA,NA,NA,NA,NA,NA
2270,2011-2012,PiedraSanta,13,Hembra,3,Adult,1.273955533,Positivo,Negativo,Positivo,Positivo,Positivo,Positivo,NA,NA,NA,NA,NA,NA,NA,NA,NA,NA,NA,NA,NA,NA,NA,NA,NA,NA,NA,NA,NA,NA,NA,NA,NA,NA,NA
2271,2011-2012,PiedraSanta,13,Hembra,2,Adult,2.077404872,Positivo,Negativo,Positivo,Positivo,Positivo,Positivo,NA,NA,NA,NA,NA,NA,NA,NA,NA,NA,NA,NA,NA,NA,NA,NA,NA,NA,NA,NA,NA,NA,NA,NA,NA,NA,NA
2272,2011-2012,PiedraSanta,13,Hembra,4,Adult,-3.939841824,Negativo,Negativo,Positivo,Positivo,Positivo,Positivo,NA,NA,NA,NA,NA,NA,NA,NA,NA,NA,NA,NA,NA,NA,NA,NA,NA,NA,NA,NA,NA,NA,NA,NA,NA,NA,NA
2273,2011-2012,PiedraSanta,13,Hembra,4,Adult,-1.153639181,Negativo,Negativo,Positivo,Positivo,Positivo,Positivo,NA,NA,NA,NA,NA,NA,NA,NA,NA,NA,NA,NA,NA,NA,NA,NA,NA,NA,NA,NA,NA,NA,NA,NA,NA,NA,NA
2275,2011-2012,PiedraSanta,13,Hembra,4,Adult,-16.33294315,Negativo,Negativo,Positivo,Positivo,Positivo,Positivo,NA,NA,NA,NA,NA,NA,NA,NA,NA,NA,NA,NA,NA,NA,NA,NA,NA,NA,NA,NA,NA,NA,NA,NA,NA,NA,NA
2277,2011-2012,PiedraSanta,13,Macho,1.5,NonAdult,7.667056855,Negativo,Negativo,Positivo,Positivo,Positivo,Positivo,NA,NA,NA,NA,NA,NA,NA,NA,NA,NA,NA,NA,NA,NA,NA,NA,NA,NA,NA,NA,NA,NA,NA,NA,NA,NA,NA
2280,2011-2012,PiedraSanta,13,Macho,4,Adult,-13.11914579,Negativo,Negativo,Positivo,Positivo,Positivo,Positivo,NA,NA,NA,NA,NA,NA,NA,NA,NA,NA,NA,NA,NA,NA,NA,NA,NA,NA,NA,NA,NA,NA,NA,NA,NA,NA,NA
2281,2011-2012,PiedraSanta,13,Macho,4,Adult,-6.298449753,Negativo,Negativo,Positivo,Positivo,Positivo,Positivo,NA,NA,NA,NA,NA,NA,NA,NA,NA,NA,NA,NA,NA,NA,NA,NA,NA,NA,NA,NA,NA,NA,NA,NA,NA,NA,NA
2282,2011-2012,PiedraSanta,13,Macho,4,Adult,-10.72604447,Negativo,Negativo,Positivo,Positivo,Positivo,Positivo,NA,NA,NA,NA,NA,NA,NA,NA,NA,NA,NA,NA,NA,NA,NA,NA,NA,NA,NA,NA,NA,NA,NA,NA,NA,NA,NA
2286,2011-2012,PiedraSanta,13,Macho,1.8,NonAdult,2.967087692,Negativo,Negativo,Positivo,Positivo,Positivo,Positivo,NA,NA,NA,NA,NA,NA,NA,NA,NA,NA,NA,NA,NA,NA,NA,NA,NA,NA,NA,NA,NA,NA,NA,NA,NA,NA,NA
2287,2011-2012,PiedraSanta,13,Macho,4,Adult,-3.87085504,Positivo,Negativo,Positivo,Positivo,Positivo,Positivo,NA,NA,NA,NA,NA,NA,NA,NA,NA,NA,NA,NA,NA,NA,NA,NA,NA,NA,NA,NA,NA,NA,NA,NA,NA,NA,NA
2288,2011-2012,PiedraSanta,13,Hembra,5,Adult,-5.939841824,Negativo,Negativo,Positivo,Positivo,Positivo,Positivo,NA,NA,NA,NA,NA,NA,NA,NA,NA,NA,NA,NA,NA,NA,NA,NA,NA,NA,NA,NA,NA,NA,NA,NA,NA,NA,NA
2292,2011-2012,PiedraSanta,13,Hembra,5,Adult,0.04291148,Negativo,Negativo,Positivo,Positivo,Positivo,Positivo,NA,NA,NA,NA,NA,NA,NA,NA,NA,NA,NA,NA,NA,NA,NA,NA,NA,NA,NA,NA,NA,NA,NA,NA,NA,NA,NA
2296,2011-2012,PiedraSanta,13,Hembra,5,Adult,8.04291148,Negativo,NA,NA,NA,Positivo,Positivo,NA,NA,NA,NA,NA,NA,NA,NA,NA,NA,NA,NA,NA,NA,NA,NA,NA,NA,NA,NA,NA,NA,NA,NA,NA,NA,NA
2298,2011-2012,PiedraSanta,13,Hembra,2,Adult,-2.384683234,Negativo,Negativo,Positivo,Positivo,Positivo,Positivo,NA,NA,NA,NA,NA,NA,NA,NA,NA,NA,NA,NA,NA,NA,NA,NA,NA,NA,NA,NA,NA,NA,NA,NA,NA,NA,NA
2317,2011-2012,SantaAmalia,25,Macho,1,NonAdult,0.094651568,Positivo,Negativo,Negativo,Negativo,Positivo,Positivo,NA,NA,NA,NA,NA,NA,NA,NA,NA,NA,NA,NA,NA,NA,NA,NA,NA,NA,NA,NA,NA,NA,NA,NA,NA,NA,NA
2318,2011-2012,SantaAmalia,25,Hembra,1,NonAdult,-7.905348432,Positivo,Negativo,Negativo,Positivo,Positivo,Positivo,NA,NA,NA,NA,NA,NA,NA,NA,NA,NA,NA,NA,NA,NA,NA,NA,NA,NA,NA,NA,NA,NA,NA,NA,NA,NA,NA
2319,2011-2012,SantaAmalia,25,Macho,1.2,NonAdult,-3.101899092,Positivo,Negativo,Positivo,Positivo,Positivo,Positivo,NA,NA,NA,NA,NA,NA,NA,NA,NA,NA,NA,NA,NA,NA,NA,NA,NA,NA,NA,NA,NA,NA,NA,NA,NA,NA,NA
2323,2011-2012,SantaAmalia,25,Hembra,0.9,NonAdult,-0.298449753,Positivo,Negativo,Negativo,Positivo,Positivo,Positivo,NA,NA,NA,NA,NA,NA,NA,NA,NA,NA,NA,NA,NA,NA,NA,NA,NA,NA,NA,NA,NA,NA,NA,NA,NA,NA,NA
2324,2011-2012,SantaAmalia,25,Macho,1,NonAdult,-7.939841824,Positivo,Negativo,Positivo,Positivo,InfReciente,Positivo,NA,NA,NA,NA,NA,NA,NA,NA,NA,NA,NA,NA,NA,NA,NA,NA,NA,NA,NA,NA,NA,NA,NA,NA,NA,NA,NA
2326,2011-2012,SantaAmalia,25,Hembra,1.5,NonAdult,7.273955533,Positivo,Negativo,Positivo,Positivo,Positivo,Positivo,NA,NA,NA,NA,NA,NA,NA,NA,NA,NA,NA,NA,NA,NA,NA,NA,NA,NA,NA,NA,NA,NA,NA,NA,NA,NA,NA
2328,2011-2012,SantaAmalia,25,Hembra,3,Adult,7.273955533,Positivo,Negativo,Positivo,Positivo,Positivo,Positivo,NA,NA,NA,NA,NA,NA,NA,NA,NA,NA,NA,NA,NA,NA,NA,NA,NA,NA,NA,NA,NA,NA,NA,NA,NA,NA,NA
2329,2011-2012,SantaAmalia,25,Hembra,4.5,Adult,7.59807007,Positivo,Negativo,Positivo,Positivo,Positivo,Positivo,NA,NA,NA,NA,NA,NA,NA,NA,NA,NA,NA,NA,NA,NA,NA,NA,NA,NA,NA,NA,NA,NA,NA,NA,NA,NA,NA
2332,2011-2012,SantaAmalia,25,Macho,4,Adult,-11.5467405,Positivo,Negativo,Positivo,Positivo,Positivo,Positivo,NA,NA,NA,NA,NA,NA,NA,NA,NA,NA,NA,NA,NA,NA,NA,NA,NA,NA,NA,NA,NA,NA,NA,NA,NA,NA,NA
2333,2011-2012,SantaAmalia,25,Macho,3.5,Adult,-10.33294315,Positivo,Negativo,Positivo,Positivo,Positivo,Positivo,NA,NA,NA,NA,NA,NA,NA,NA,NA,NA,NA,NA,NA,NA,NA,NA,NA,NA,NA,NA,NA,NA,NA,NA,NA,NA,NA
2334,2011-2012,SantaAmalia,25,Macho,1.8,NonAdult,-5.51224711,Positivo,Positivo,Positivo,Positivo,Positivo,Positivo,NA,NA,NA,NA,NA,NA,NA,NA,NA,NA,NA,NA,NA,NA,NA,NA,NA,NA,NA,NA,NA,NA,NA,NA,NA,NA,NA
2359,2011-2012,Campanero,NA,Macho,3,Adult,-12.38468323,Negativo,Negativo,Negativo,Positivo,Positivo,Positivo,NA,NA,NA,NA,NA,NA,NA,NA,NA,NA,NA,0,1,2,3,0,0,0,0,6,0,0,No,NA,No,NA,Negativo
2360,2011-2012,Campanero,NA,Macho,1.9,NonAdult,-12.76053786,Negativo,Negativo,Positivo,Positivo,Positivo,Positivo,NA,NA,NA,NA,NA,NA,NA,NA,NA,NA,NA,0,0,0,0,0,0,1,0,0,0,0,No,NA,No,NA,Negativo
2364,2011-2012,LasJaras,23,Hembra,4,Adult,9.256708837,Negativo,Negativo,Positivo,Positivo,Positivo,Positivo,NA,NA,NA,NA,NA,NA,NA,NA,NA,NA,NA,NA,NA,NA,NA,NA,NA,NA,NA,NA,NA,NA,NA,NA,NA,NA,NA
2374,2011-2012,LasJaras,23,Hembra,4,Adult,3.615316766,Negativo,NA,NA,NA,Positivo,Positivo,NA,NA,NA,NA,NA,NA,NA,NA,NA,NA,NA,NA,NA,NA,NA,NA,NA,NA,NA,NA,NA,NA,NA,NA,NA,NA,NA
2375,2011-2012,LasJaras,23,Macho,2.7,Adult,-5.581233894,Negativo,NA,NA,NA,Positivo,Positivo,NA,NA,NA,NA,NA,NA,NA,NA,NA,NA,NA,NA,NA,NA,NA,NA,NA,NA,NA,NA,NA,NA,NA,NA,NA,NA,NA
2376,2011-2012,LasJaras,23,Macho,4,Adult,-3.188132573,Negativo,NA,NA,NA,Positivo,Positivo,NA,NA,NA,NA,NA,NA,NA,NA,NA,NA,NA,NA,NA,NA,NA,NA,NA,NA,NA,NA,NA,NA,NA,NA,NA,NA,NA
2377,2011-2012,LasJaras,23,Macho,4,Adult,2.829114123,Negativo,NA,NA,NA,Positivo,Positivo,NA,NA,NA,NA,NA,NA,NA,NA,NA,NA,NA,NA,NA,NA,NA,NA,NA,NA,NA,NA,NA,NA,NA,NA,NA,NA,NA
2378,2011-2012,LasJaras,23,Macho,3,Adult,2.384272714,Positivo,NA,NA,NA,Positivo,Positivo,NA,NA,NA,NA,NA,NA,NA,NA,NA,NA,NA,NA,NA,NA,NA,NA,NA,NA,NA,NA,NA,NA,NA,NA,NA,NA,NA
2379,2011-2012,LasJaras,23,Hembra,2.5,Adult,-1.974335216,Negativo,NA,NA,NA,Positivo,Positivo,NA,NA,NA,NA,NA,NA,NA,NA,NA,NA,NA,NA,NA,NA,NA,NA,NA,NA,NA,NA,NA,NA,NA,NA,NA,NA,NA
2381,2011-2012,LasJaras,23,Hembra,2.5,Adult,17.64981016,Negativo,Negativo,Positivo,Positivo,Positivo,Positivo,NA,NA,NA,NA,NA,NA,NA,NA,NA,NA,NA,NA,NA,NA,NA,NA,NA,NA,NA,NA,NA,NA,NA,NA,NA,NA,NA
2382,2011-2012,LasJaras,23,Hembra,4,Adult,-0.795031251,Negativo,NA,NA,NA,Positivo,Positivo,NA,NA,NA,NA,NA,NA,NA,NA,NA,NA,NA,NA,NA,NA,NA,NA,NA,NA,NA,NA,NA,NA,NA,NA,NA,NA,NA
2383,2011-2012,LasJaras,23,Hembra,4,Adult,25.64981016,Negativo,NA,NA,NA,Positivo,Positivo,NA,NA,NA,NA,NA,NA,NA,NA,NA,NA,NA,NA,NA,NA,NA,NA,NA,NA,NA,NA,NA,NA,NA,NA,NA,NA,NA
2388,2011-2012,TorricoSanPedro,6.5,Hembra,1.5,NonAdult,7.256708837,Positivo,Negativo,Positivo,Positivo,Positivo,Positivo,NA,NA,NA,NA,NA,NA,NA,NA,NA,NA,NA,NA,NA,NA,NA,NA,NA,NA,NA,NA,NA,NA,NA,NA,NA,NA,NA
2389,2011-2012,TorricoSanPedro,6.5,Hembra,1.5,NonAdult,-13.15363918,Negativo,Negativo,Negativo,Positivo,Positivo,Positivo,NA,NA,NA,NA,NA,NA,NA,NA,NA,NA,NA,NA,NA,NA,NA,NA,NA,NA,NA,NA,NA,NA,NA,NA,NA,NA,NA
2392,2011-2012,TorricoSanPedro,6.5,Hembra,2.5,Adult,13.63256346,Negativo,Negativo,Positivo,Positivo,Positivo,Positivo,NA,NA,NA,NA,NA,NA,NA,NA,NA,NA,NA,NA,NA,NA,NA,NA,NA,NA,NA,NA,NA,NA,NA,NA,NA,NA,NA
2393,2011-2012,TorricoSanPedro,6.5,Hembra,2.5,Adult,6.470506194,Negativo,Negativo,Positivo,Positivo,Positivo,Positivo,NA,NA,NA,NA,NA,NA,NA,NA,NA,NA,NA,NA,NA,NA,NA,NA,NA,NA,NA,NA,NA,NA,NA,NA,NA,NA,NA
2395,2011-2012,LasJaras,23,Hembra,0.8,NonAdult,1.718796943,Negativo,NA,NA,NA,Positivo,Positivo,NA,NA,NA,NA,NA,NA,NA,NA,NA,NA,NA,NA,NA,NA,NA,NA,NA,NA,NA,NA,NA,NA,NA,NA,NA,NA,NA
2400,2011-2012,LasJaras,23,Hembra,4,Adult,12.02566478,Positivo,Negativo,Positivo,Positivo,Positivo,Positivo,NA,NA,NA,NA,NA,NA,NA,NA,NA,NA,NA,NA,NA,NA,NA,NA,NA,NA,NA,NA,NA,NA,NA,NA,NA,NA,NA
2408,2011-2012,LasCa?adas,NA,Hembra,1.5,NonAdult,10.88085421,Negativo,Negativo,Positivo,Positivo,Positivo,Positivo,Negativo,Negativo,Negativo,Negativo,NA,NA,NA,NA,NA,NA,NA,NA,NA,NA,NA,NA,NA,NA,NA,NA,NA,NA,NA,NA,NA,NA,NA
2411,2011-2012,DehesaCaballeros,NA,NA,NA,NA,NA,Negativo,Negativo,Positivo,Positivo,Positivo,Positivo,NA,NA,NA,NA,NA,NA,NA,NA,NA,NA,NA,NA,NA,NA,NA,NA,NA,NA,NA,NA,NA,NA,NA,NA,NA,NA,NA
2412,2011-2012,DehesaCaballeros,NA,Hembra,1.9,NonAdult,4.025664784,Negativo,Negativo,Positivo,Positivo,Positivo,Positivo,NA,NA,NA,NA,NA,NA,NA,NA,NA,NA,NA,NA,NA,NA,NA,NA,NA,NA,NA,NA,NA,NA,NA,NA,NA,NA,NA
2413,2011-2012,DehesaCaballeros,NA,Hembra,2,Adult,5.615316766,Negativo,Negativo,Positivo,Positivo,InfReciente,Positivo,NA,NA,NA,NA,NA,NA,NA,NA,NA,NA,NA,NA,NA,NA,NA,NA,NA,NA,NA,NA,NA,NA,NA,NA,NA,NA,NA
2414,2011-2012,DehesaCaballeros,NA,Hembra,2.5,Adult,6.025664784,Negativo,Negativo,Negativo,Positivo,Positivo,Positivo,NA,NA,NA,NA,NA,NA,NA,NA,NA,NA,NA,NA,NA,NA,NA,NA,NA,NA,NA,NA,NA,NA,NA,NA,NA,NA,NA
2415,2011-2012,DehesaCaballeros,NA,Hembra,3,Adult,0.367026017,Negativo,Negativo,Positivo,Positivo,Positivo,Positivo,NA,NA,NA,NA,NA,NA,NA,NA,NA,NA,NA,NA,NA,NA,NA,NA,NA,NA,NA,NA,NA,NA,NA,NA,NA,NA,NA
1700,2011-2012,NavaelSach,25,Hembra,3,Adult,-6.40192993,Negativo,Negativo,Positivo,Positivo,InfActiva,Positivo,Negativo,Negativo,Negativo,Negativo,NA,NA,No,NA,NA,NA,1,2,0,1,0,0,0,0,0,3,0,0,No,NA,Si,Positivo,Positivo
1701,2011-2012,NavaelSach,25,Hembra,3,Adult,-3.939841824,Negativo,Negativo,Negativo,Positivo,InfReciente,Positivo,Negativo,Negativo,Negativo,Negativo,NA,NA,No,NA,NA,NA,0,2,0,1,2,3,0,0,0,8,0,0,No,NA,Si,Positivo,Positivo
1702,2011-2012,NavaelSach,25,Hembra,NA,NA,-2.384683234,Negativo,Negativo,Positivo,Positivo,InfReciente,Positivo,Negativo,Negativo,Negativo,Negativo,NA,NA,No,NA,NA,NA,0,2,0,1,2,0,0,1,0,5,1,0,No,NA,Si,Positivo,Positivo
1704,2011-2012,NavaelSach,25,Hembra,NA,NA,-19.95708852,Negativo,Negativo,Positivo,Positivo,Positivo,Positivo,Negativo,Negativo,Negativo,Negativo,NA,NA,Si,NoLob,Cronica,28,2,NA,NA,NA,NA,NA,NA,NA,NA,NA,NA,NA,NA,NA,Si,Positivo,Positivo
1714,2011-2012,Aceitunillas,8,Hembra,4,Adult,17.20496875,Positivo,Negativo,Positivo,Positivo,Positivo,Positivo,Negativo,Negativo,Negativo,Negativo,NA,NA,NA,NA,NA,NA,NA,2,0,3,4,0,0,2,0,9,2,0,No,NA,Si,Positivo,Positivo
1716,2011-2012,Aceitunillas,8,Macho,3,Adult,-24.43642332,Positivo,Negativo,Negativo,Negativo,Positivo,Positivo,Negativo,Negativo,Negativo,Negativo,NA,NA,NA,NA,NA,NA,NA,1,0,4,4,0,0,1,0,9,0,0,No,NA,Si,Positivo,Positivo
1717,2011-2012,Aceitunillas,8,Macho,0.9,NonAdult,-30.24670967,Negativo,Negativo,Negativo,Negativo,Positivo,Positivo,Negativo,Negativo,Negativo,Negativo,NA,NA,NA,NA,NA,NA,NA,4,4,4,6,4,0,0,0,22,0,0,No,NA,Si,Positivo,Positivo
2362,2011-2012,Campanero,NA,Hembra,1.8,NonAdult,5.204968749,Positivo,Negativo,Positivo,Positivo,Positivo,Positivo,NA,NA,NA,NA,NA,NA,NA,NA,NA,NA,NA,0,0,0,1,0,0,1,0,1,0,0,No,NA,Si,Positivo,Positivo
